-- phpMyAdmin SQL Dump
-- version 3.5.8.1
-- http://www.phpmyadmin.net
--
-- 主机: localhost
-- 生成日期: 2013 年 09 月 10 日 19:42
-- 服务器版本: 5.1.65-log
-- PHP 版本: 5.2.17

SET SQL_MODE="NO_AUTO_VALUE_ON_ZERO";
SET time_zone = "+00:00";


/*!40101 SET @OLD_CHARACTER_SET_CLIENT=@@CHARACTER_SET_CLIENT */;
/*!40101 SET @OLD_CHARACTER_SET_RESULTS=@@CHARACTER_SET_RESULTS */;
/*!40101 SET @OLD_COLLATION_CONNECTION=@@COLLATION_CONNECTION */;
/*!40101 SET NAMES utf8 */;

--
-- 数据库: `xpwangn1_leyix`
--

-- --------------------------------------------------------

--
-- 表的结构 `le_link`
--

CREATE TABLE IF NOT EXISTS `le_link` (
  `id` int(11) NOT NULL AUTO_INCREMENT,
  `name` varchar(20) NOT NULL,
  `url` varchar(100) NOT NULL,
  PRIMARY KEY (`id`)
) ENGINE=MyISAM DEFAULT CHARSET=utf8 AUTO_INCREMENT=1 ;

-- --------------------------------------------------------

--
-- 表的结构 `le_share`
--

CREATE TABLE IF NOT EXISTS `le_share` (
  `id` int(11) NOT NULL AUTO_INCREMENT,
  `uid` int(11) NOT NULL,
  `title` varchar(50) NOT NULL,
  `img_id` int(11) NOT NULL,
  `content` text NOT NULL,
  `add_time` int(10) NOT NULL,
  `comment_count` smallint(8) NOT NULL,
  `le` smallint(8) NOT NULL,
  `nu` smallint(8) NOT NULL,
  `fav` smallint(8) NOT NULL,
  `status` tinyint(1) NOT NULL,
  `type` varchar(10) NOT NULL,
  PRIMARY KEY (`id`)
) ENGINE=MyISAM  DEFAULT CHARSET=utf8 AUTO_INCREMENT=434 ;

--
-- 转存表中的数据 `le_share`
--

INSERT INTO `le_share` (`id`, `uid`, `title`, `img_id`, `content`, `add_time`, `comment_count`, `le`, `nu`, `fav`, `status`, `type`) VALUES
(57, 4, '这表情，夹到肉了吧', 72, '喜欢的就乐一下', 1375259444, 0, 2, 0, 0, 1, 'share'),
(58, 4, '哪个女的还敢说自己飞机场', 73, '', 1375259730, 1, 3, 0, 0, 1, 'share'),
(59, 4, '多么痛的领悟.....', 75, '', 1375268692, 0, 1, 1, 0, 1, 'share'),
(60, 7, '这是在什么地方的场景，好熟悉', 76, '我想知道这里到底有几艘小船？', 1375274186, 2, 5, 0, 0, 1, 'share'),
(61, 7, '一个资深捧友的内心独白', 77, '捧腹虽好，易掉节操。 有多少人和我一样是在捧腹认识苍老师的 有多少人是在捧腹学会打飞机，撸管的 有多少人是在捧腹明白什么是搞基，什么是百合的 有多少人是在捧腹开始排斥异性恋，关心攻和受的问题的 有多少人是在捧腹毁了自己童年的！！ 有多少人是在捧腹丢掉自己节操的！！！ 如果你有以上的任何一项，顶一个，祭奠我们已经逝去的节操 （有兴趣的还可以继续补充）', 1375276493, 0, 1, 0, 0, 1, 'share'),
(62, 7, '老板这个游戏机手柄多少钱卖~', 78, '', 1375276642, 1, 0, 0, 0, 1, 'share'),
(63, 4, '中枪的人应该不少', 79, '', 1375276746, 1, 1, 0, 0, 1, 'share'),
(64, 4, '上下对白', 80, '', 1375278593, 0, 0, 0, 0, 1, 'sucai'),
(65, 4, '同学上课的姿势真销魂', 81, '', 1375278831, 0, 0, 0, 0, 1, 'share'),
(66, 4, '有多少人会中枪...', 82, '', 1375279157, 0, 0, 0, 0, 1, 'share'),
(67, 4, '分享一开始一看真吓尿了', 83, '', 1375279321, 0, 0, 0, 0, 1, 'share'),
(68, 4, '这是为什么呢？', 84, '', 1375280034, 0, 0, 0, 0, 1, 'share'),
(69, 4, '为了能清醒的好好学习，你真是豁出去了', 85, '', 1375280110, 0, 0, 0, 0, 1, 'share'),
(70, 4, '强壮的外表下有一颗温柔的心', 86, '', 1375280178, 0, 0, 0, 0, 1, 'share'),
(71, 4, '媳妇教会我的那些事！', 87, '', 1375280373, 1, 1, 0, 0, 1, 'share'),
(72, 4, '如果皮卡丘也玩朋友圈的话...', 88, '', 1375280552, 0, 0, 0, 0, 1, 'share'),
(73, 4, '这个广告植入的让人感觉好自然！', 89, '', 1375280782, 0, 0, 0, 0, 1, 'share'),
(74, 4, '三藏，你怎么了？！', 90, '', 1375280898, 0, 1, 0, 0, 1, 'share'),
(75, 4, '霸气的洗衣店', 91, '', 1375281214, 0, 0, 0, 0, 1, 'share'),
(76, 4, '妹子用蚊帐做的礼服，不错吧', 92, '', 1375281672, 0, 0, 0, 0, 1, 'share'),
(77, 7, '午饭时间，别这么恶心呢！', 93, '', 1375282238, 0, 0, 0, 0, 1, 'share'),
(78, 4, '亮点自己找', 94, '', 1375284185, 0, 2, 0, 0, 1, 'share'),
(79, 4, '小时候这样玩过的捧友请点赞', 95, '快乐童年如今一去不复返', 1375284758, 0, 0, 0, 0, 1, 'share'),
(80, 4, '哪吒………………真的好有感觉啊', 96, '', 1375287038, 0, 0, 0, 0, 1, 'share'),
(98, 4, '淫才啊', 115, '', 1375335879, 0, 0, 0, 0, 1, 'share'),
(82, 9, '真实的还珠格格合影！', 98, '正中间的那个，就是小燕子，可是看起来并不像是琼瑶所描述的哪么“疯”。紫薇就是左边第2个 .(好象鉴证过,可信度还挺高的) 有没有觉得很赞，没见过的顶一个！', 1375322134, 0, 0, 0, 0, 1, 'share'),
(83, 9, '毕业照，真亮', 99, '', 1375323292, 0, 0, 0, 0, 1, 'share'),
(84, 9, '小哥到站了……', 100, '', 1375323777, 0, 0, 0, 0, 1, 'share'),
(85, 9, '大哥，凉鞋不错哦！！', 101, '', 1375324078, 0, 1, 0, 0, 1, 'share'),
(86, 9, '诠释的很到位，神解析啊', 102, '撸为何意？且待神人为你细细解释……', 1375324612, 0, 0, 0, 0, 1, 'share'),
(87, 9, '地铁欢乐多啊', 103, '二逼大叔欢乐多啊。。', 1375325261, 0, 0, 0, 0, 1, 'share'),
(88, 9, '看到这个，心中涌现出莫名的伤感', 104, '有相同经历的同学赞一个，纪念我们终将逝去的青春', 1375325602, 0, 0, 0, 0, 1, 'share'),
(89, 9, '不能想歪了', 105, '第一眼看错的自觉顶', 1375325753, 0, 8, 0, 0, 1, 'share'),
(90, 9, '收不住了', 106, '', 1375325952, 0, 0, 0, 0, 1, 'share'),
(91, 9, '雅蠛蝶原来是这个，小生孤陋寡闻了', 107, '', 1375326055, 0, 0, 0, 0, 1, 'share'),
(92, 9, '汶川地震捐款被曝80%流入政府', 108, '图注：漫画。\r\n　　云南省政府最近邀请一群人来看自己怎么“割肉”。\r\n\r\n　　在一些学者看来，由于长期“营养过剩”，政府胖了，而政府的肥胖导致中国慈善体制“不伦不类，人格分裂”。\r\n\r\n　　南都公益基金会理事长徐永光说，这些年来，行政力量助推的“慈善风暴”席卷了许多地方，逼捐、派捐、以权谋捐的现象时有发生。\r\n\r\n　　现在，云南要对自己动刀子，割掉身上这块“肥肉”。7月18日，民政部和云南省政府联合举办的“推进社会建设创新社会组织”座谈会上，云南公开宣布“政府退出公益慈善募捐市场，除发生重大灾害外，不再参与社会募捐”。\r\n\r\n　　外界乐观地认为，这意味着当地政府不再具有行政性募捐的权力。但也有学者表示，这仅仅是一种先声，距离真正落实还有很长的路要走。\r\n\r\n　　如果政府不退出，就为慈善风暴准备了土壤\r\n\r\n　　“社会管理创新必须要改变思维，要把老百姓看成可以自我管理、具有自治能力的人，而不是当动物来养。”当着这些官员的面，徐永光毫不客气地说，“把人当动物养的管理，如果让我打分，是零分以下”\r\n\r\n　　为了割掉这块“肥肉”，今年4月，云南省委宣传部和云南省民政厅带着相关人员，到北京请专家进行了3次“会诊”。\r\n\r\n　　随行官员中，好几位都是厅局级干部。面对他们，专家们可一点也没留情面。“社会管理创新必须要改变思维，要把老百姓看成可以自我管理、具有自治能力的人，而不是当动物来养。”当着这些官员的面，徐永光毫不客气地说，“把人当动物养的管理，如果让我打分，是零分以下！”\r\n\r\n　　当时，北京专家比较一致的看法是，政府应该退出募捐市场，不直接参与募捐，各个社会组织募集到的善款也不由政府分配，这样才能保证社会组织之间的公平竞争。“如果政府不退出，把企业家的捐赠搂走了，通过组织又把公务员、事业单位的捐赠给搂走了，养分都搞走了，民间公益组织怎么成长？这也为慈善风暴和慈善里的权钱交易准备了土壤。”中国扶贫基金会副会长何道峰说。\r\n\r\n　　不过，在云南省民政厅最初起草的文件里，“退出”的前面谨慎地加上了“逐步”两个字。一名专家看到这条内容批评说：“你们这是‘放长线钓大鱼’，不知道要‘逐步’到什么时候！”\r\n\r\n　　7月18日文件正式对外公布时，“逐步”两个字消失了。\r\n\r\n　　徐永光当时并不知道，那些在他听来都有些刺耳的话，被云南来的工作人员“不经过加工和删节，原汁原味”地整理给云南省委省政府的领导。3个月后，他们在昆明再次相聚时，云南省委宣传部一位工作人员才说：“我们当时冒了一点险，你们在北京说了什么难听的话，我们都原封不动地记录下来了。”\r\n\r\n　　作为欠发达地区、每万人拥有社会组织数量低于全国水平的西部省份，云南此次的改革让很多人感到吃惊。有媒体评价，它的力度甚至可能超过北京和广东。实际上，在1990年代初，因为独特的自然环境、多民族性以及贫困问题，云南曾被称作社会组织的摇篮。\r\n\r\n　　“云南的开放程度高，有条件做创新。”北京师范大学公益研究院院长王振耀说。\r\n\r\n　　不过，云南如今也遇到了其他地区一样面临的问题。云南省民政厅民间组织管理二处副处长杨武成告诉记者，云南一些社会组织存在政社不分的问题，一些研究会、学会就像“二政府”。到了县里，红十字会和慈善总会系统募集的善款，往往会被挪入政府财政预算的盘子里，用来修路。\r\n\r\n　　对于地方政府来说，这已经是个公开的秘密。清华大学公共管理学院教授邓国胜的团队曾有统计，汶川地震760亿元的捐款中，80%左右流入了政府财政，最终成了政府的“额外税收”。\r\n\r\n　　杨武成注意到，地震捐款进了政府财政户头这件事，是对政府公信力和公众爱心的挫伤。而2012年底民政部部长李立国表示不再指定个别或者少数公益慈善组织接受捐赠后，今年芦山地震中，国内第一家民间公募基金会壹基金“就冒出来了”。地震发生第一天，壹基金获得的捐款数额是红十字会的70多倍，当时媒体评价，官办社会组织一统天下的格局被打破了。\r\n\r\n　　“对于欠发达地区来说，权力的让渡从政府退出募捐市场开始。”杨武成说。他记得云南省委书记秦光荣曾表示，要创造做好事做善事的氛围，给民间组织创造一个天地，不要让社会组织变成“养老爷”的地方。\r\n\r\n　　杨武成谨慎地表示，他目前无法保证底下每个县都会严格按照规定去做，但至少地方官员“没有依据”再刮“慈善风暴”了。“最起码慈善组织不能再以政府名义募集资金，政府也不能发个红头文件，把红会和慈善总会的账号告诉人家了。”\r\n\r\n　　难以打破的利益铁三角\r\n\r\n　　“政府背景”不仅仅意味着地位，还有权力。“政府办的慈善机构更容易募捐，说实在的，很多捐款人也是冲着权力来的。中国的捐款现在主要来自企业，他们愿意与有官方背景的慈善机构打交道，有时背后还存在权钱交易。”徐永光说\r\n\r\n　　不过，这项受到外界好评的改革内容，对于一些政府部门来说，相当于动了他们的“心头肉”。\r\n\r\n　　今年6月，云南再次向专家征求意见，何道峰发现，修改后的文件中，“政府退出公募市场”这一条居然消失了。他推测，可能是其他省市的文件中没有这样写过，云南担心有风险。\r\n\r\n　　事实是，这份文件向云南各部门征求意见时，一些利益相关部门提出了反对意见。\r\n\r\n　　何道峰给云南省里领导打了个电话：“如果没有这一条，你们的东西就没有任何新意。”他赶紧在北京组织法律界专家和媒体又召开了一次小型座谈会，把大家的意见汇总成一份四五页的文档，提交给云南。“其他怎么写都可以再讨论，但重大创新点必须出来，否则云南搞这个没有意义。”何道峰反复强调。他所说的创新点，就包括政府退出公募市场。而在最终颁发的文件中，何道峰发现这一条又被恢复了。\r\n\r\n　　实际上，这算不上什么新提法。早在2003年，时任民政部救灾救济司司长的王振耀接受媒体采访时就表示，政府将减少直接出面组织群众捐款捐物的“集体活动”，避免直接参与募捐。\r\n\r\n　　可如今10年过去了，云南是第一个将这个内容写入政府法规中的。“很多地方提都不敢提，因为会触碰很多利益。”中国社会科学院社会政策研究室研究员杨团说。\r\n\r\n　　2004年，慈善事业和社会福利、社会救助、社会保险一同被列为社会保障制度的内容，写入了中央文件。在杨团的印象中，各地的“慈善风暴”就是从之后开始刮起来的。因为在一些地方政府的理解中，慈善成了政府的事，就可以号召捐款给地方政府、或者放在地方慈善总会的户头上，由政府决定公民捐款花在哪里了。最后，慈善变成政府的工具，公众的捐款变成了用来直接补充公共财政不足的“慈善财政”。\r\n\r\n　　2011年，陕西神木就刮起这样一阵“慈善风暴”。为了筹集“免费医疗、免费教育、免费养老”三大公益基金，神木县政府成立了8个募集小组，由政府各部门领导牵头，募集范围覆盖公务员系统、煤炭系统和各大企业。在当时媒体的报道中，科级干部每人要捐2000元，募捐晚会上台举起大额捐款牌的“煤老板”几乎都僵着脸。\r\n\r\n　　带有官方色彩的慈善组织也不愿意放弃这个特权。“大量慈善系统都在做当地政府的‘钱口袋’，用这种方式获得当地政府的支持。”杨团说。\r\n\r\n　　“政府背景”不仅仅意味着地位，还有权力。“政府办的慈善机构更容易募捐，说实在的，很多捐款人也是冲着权力来的。中国的捐款现在主要来自企业，他们愿意与有官方背景的慈善机构打交道，有时背后还存在权钱交易。”徐永光说。\r\n\r\n　　在他看来，政府、官办慈善机构、捐款人之间已经形成了一个难以打破的利益铁三角，而想要突破这种路径依赖非常艰难。\r\n\r\n　　“政府要愿意割肉，敢于割自己的肉。”徐永光说。\r\n\r\n　　这仅仅是一个先声\r\n\r\n　　云南民间组织“绿色流域”发起人于晓刚对此也持观望态度。“政府退出之后，我们可以互相竞争，像一个市场那样。但我不觉得政府能够完全退出，其实，只要政府不垄断就好。”于晓刚说\r\n\r\n　　杨团曾经是中华慈善总会常务副秘书长，她毫不客气地批评，现在一些地方慈善机构，成了“政府的收钱口袋”。\r\n\r\n　　她始终记得，1994年中华慈善总会成立时，民政部老部长崔乃夫曾明确提出，“我们不是政府，要和政府分开”。当时，国有资产管理局的人还跑过来说，慈善捐的钱是国有资产。崔乃夫的回答是：“不行，这不是国家的钱，是社会的钱，老百姓的钱，我们要对捐款人负责，国家是不可以插手的。”\r\n\r\n　　令人遗憾的是，“到今天，慈善的钱该怎么花、政府的权力边界在哪里、什么是越界，还是不清楚，这是今后的大患”。在她看来，云南此次把“政府退出公募市场”写入地方文件，是重申了权力不要越位这个常识。\r\n\r\n　　对于云南的这次改革，云南省内的社会组织表现得比较冷静。云南省青少年发展基金会理事长沈光鑫认为，云南省政府的后退，意味着慈善往前进了一大步。但他同时担心，在政策具体实施过程中，如果政府还是变相规定款项要通过红会和慈善总会，那就“局限在怪圈里”了。\r\n\r\n　　云南民间组织“绿色流域”发起人于晓刚也持观望态度。“政府退出之后，我们可以互相竞争，像一个市场那样。但我不觉得政府能够完全退出，其实，只要政府不垄断就好。”于晓刚说。\r\n\r\n　　在何道峰看来，云南目前的改革还仅仅是一种先声，距离落实还有很长的距离。“‘政府退出公募市场’，什么叫政府，是指省、地区政府还是含政府的所有职能部门，含不含职能部门下面的事业单位，工青妇等社团能不能接受捐赠？这得列单子，活儿还多着呢。”他说，“政府只有把自己的位置摆得中立，把‘儿子’赶出场，裁判才有公信力。”\r\n\r\n　　7月18日的座谈会上，“免费午餐”发起人邓飞获得了最后一个发言机会。他发现云南贫困地区的营养午餐中，面包和牛奶存在一些问题，他打算让自己的团队进驻。担任主持人的云南省省长李纪恒现场回应：“欢迎免费午餐来云南。”\r\n\r\n　　对于这一幕，坐在会场里的沈光鑫很感慨：“云南目前只有48家登记的基金会，改革之后，对我们也是很大的挑战。但有了挑战也就有了市场，在更大的群体里优秀才是真正的优秀。”\r\n\r\n　　这位被认为带有一定官方色彩的社会组织领导人给记者讲了这样一个故事，一个兄弟省份遭遇泥石流灾害，政府硬是要求所有捐款必须通过红会。当时，正是“郭美美事件”最热闹的时候，民间组织和公众拒绝捐款。“政府本想把社会资源这个大西瓜装进自己口袋，最后西瓜没吃到，芝麻也丢了，我们不要干这种傻事。”他说。', 1375326214, 0, 0, 1, 0, 1, 'share'),
(93, 9, '雷人？还好吧。。。', 109, '', 1375326349, 0, 2, 0, 0, 1, 'share'),
(94, 9, '这个刺激啊，哥你吃错药了吧', 110, '', 1375327837, 0, 0, 0, 0, 1, 'share'),
(95, 11, '是真理吗', 111, '', 1375334358, 1, 1, 0, 1, 1, 'share'),
(96, 11, '哈哈', 112, '', 1375334589, 0, 0, 0, 0, 1, 'share'),
(97, 4, '你会果断放弃哪一个？', 113, '六选五，必须放弃一个，你会果断放弃哪一个？', 1375335171, 0, 0, 0, 0, 1, 'share'),
(99, 9, '看到这个真心笑了', 0, '刚刚上网看到一个问题：你用过最久的东西是什么？我在众多答案中瞥到一个低调而华丽的答案：“我想说是前女友，想想还是算了，她不算是个东西。”', 1375336939, 0, 1, 0, 0, 1, ''),
(100, 9, '现在的小孩都逆天了', 116, '', 1375337499, 0, 0, 0, 0, 1, 'share'),
(101, 9, '花钱就像拉屎一样容易,而挣钱就像吃屎那么艰难', 117, '', 1375338809, 0, 0, 0, 0, 1, 'sucai'),
(102, 9, '过年最虚伪的一句话就是', 118, '来就来呗，还带什么东西啊?', 1375338848, 0, 0, 0, 0, 1, 'sucai'),
(103, 9, '女儿国的水是能让女人怀孕的', 119, '你说上游的男人都干嘛了呢', 1375338899, 0, 0, 0, 0, 1, 'sucai'),
(104, 9, '现在的社会真伤不起，康师傅竟然也推出第一款智能手机，', 120, '这不是逼苹果三星出方便面吗？', 1375339011, 0, 0, 0, 0, 1, 'sucai'),
(105, 9, '工作找着了，大家都为我高兴，老板承诺：月薪八千，睡后。。。', 121, '', 1375339051, 0, 0, 0, 0, 1, 'sucai'),
(106, 9, '为什么央视《新闻联播》时段的广告是最贵的？', 122, '因为厂家都知道：爱看《新闻联播》的人最容易受骗。', 1375339081, 0, 0, 0, 0, 1, 'sucai'),
(107, 9, '我最近得了一种绝症  一躺在床上就睡不着， 一离开床就困的要倒。。。', 123, '', 1375339116, 0, 0, 0, 0, 1, 'sucai'),
(108, 9, '闪电与电有什么不同？', 124, '闪电不用花钱', 1375339163, 0, 0, 0, 0, 1, 'sucai'),
(109, 9, '放假回家前两天刚刚租的房子，回家过完年来竟然忘了住哪了', 125, '', 1375339194, 0, 0, 0, 0, 1, 'sucai'),
(110, 9, '如何炒蛋才能将蛋炒的金黄金黄的很好看？', 126, '把鸡蛋清取出，只炒鸡蛋黄', 1375339235, 0, 0, 0, 0, 1, 'sucai'),
(111, 9, '女人的肌肉力量在一天中变化很大，这真是非常神奇的一件事。', 127, '早上时，她连饮料瓶盖子都拧不开\r\n到了夜里呢，妈的被子怎么拽都拽不过来！', 1375339325, 0, 0, 0, 0, 1, 'sucai'),
(112, 9, '小时候妈妈给买衣服，每次都得要大一号，说明年还能穿', 128, '然后第二年，又会买新的大一号衣服\r\n然  后......\r\n我就整个童年都没有穿过合适的衣服！', 1375339386, 0, 0, 0, 0, 1, 'sucai'),
(113, 9, '现如今很多男人成了纯娘们', 129, '很多女人成了纯爷们,像我这样能对号入座的太少啦！　', 1375339444, 0, 0, 0, 0, 1, 'sucai'),
(114, 9, '你觉得自己特别好看的照片以及特别难看的照片', 130, '事实上在别人眼里都是一样一样一样的', 1375339482, 0, 0, 0, 0, 1, 'sucai'),
(115, 9, '最近很郁闷啊', 131, '你怎么了？出啥事了？哎，避孕的药我每次都吃十多片，为什么女朋友还是怀孕了？', 1375339536, 0, 0, 0, 0, 1, 'sucai'),
(116, 9, '小时候妈妈说：“碗里剩几粒饭脸上就要长几粒麻子” 于是扒尽每一颗米', 132, '感谢母亲让我成为了一个没有麻子的胖子', 1375339596, 0, 0, 0, 0, 1, 'sucai'),
(117, 9, '小时候一直不知道电影里“洗干净屁股准备坐牢”是什么意思', 133, '现在想起来竟然懂了...', 1375339670, 0, 0, 0, 0, 1, 'sucai'),
(118, 9, '好好的说什么分手？', 134, '因为你没有我喜欢的那些小东西。什么样的小东西我没有？太瞧不起我了吧？小别墅、小汽车、小亿万富翁。你都没有。', 1375339719, 0, 0, 0, 0, 1, 'sucai'),
(119, 9, '我已经无所谓多少分，我只在乎未来嫁个好男人', 135, '我也无所谓多少分，只要不娶姐姐那样女人就OK', 1375339762, 0, 0, 0, 0, 1, 'sucai'),
(120, 9, '每看到小说或影剧，男主被陷害误食淫药，不发泄就完蛋 ', 136, '男对女说：快走，我快控制不住了。那痛苦克制心魔的样子真让女主心疼....舍不得走，于是甘愿献身，事后男主非常痛苦的忏悔：都是我不好，我对不起你，我会负责的… 尼玛装毛啊，没手啊？', 1375339831, 0, 0, 0, 0, 1, 'sucai'),
(121, 9, '臣妾做不到啊！', 137, '', 1375339968, 0, 0, 0, 0, 1, 'sucai'),
(122, 9, '每看到小说或影剧，男主被陷害误食淫药，不发泄就完蛋', 138, '', 1375340701, 0, 0, 0, 0, 1, 'share'),
(123, 4, '无凶器、真正的汉子', 139, '', 1375343855, 0, 0, 0, 0, 1, 'share'),
(124, 4, '诺基亚为啥耐摔，因为曾造过子弹？', 140, '诺基亚最早是一家造纸商，电信行业只不过是他们无意之间搞出来的一点副产品而已。\r\n早在20世纪80年代的时候，诺基亚曾拥有过芬兰SAKO武器公司的50%股份，并生产出SAKO-NOKIA牌子的子弹。\r\n这样是不是就能解释诺基亚为什么耐摔了？这才是真正的军工品质。', 1375345039, 0, 1, 0, 0, 1, 'share'),
(125, 7, '脖子下面有个痣，征求下大家意见要不要点', 141, '会不会影响美观？要不要点掉呢', 1375359895, 0, 1, 0, 0, 1, 'share'),
(126, 7, '把手臂看是屁股的自己面壁吧！!', 142, '', 1375360056, 0, 0, 0, 0, 1, 'share'),
(127, 7, '亮点自己找，太TM坑爹了！', 143, '', 1375360532, 1, 0, 0, 0, 1, 'share'),
(128, 7, '『多么痛的领悟』你们感受下。。。', 144, '', 1375360685, 0, 0, 0, 0, 1, 'share'),
(129, 9, '加勒比海盗原来是这么拍的！', 145, '', 1375405665, 0, 1, 0, 0, 1, 'share'),
(130, 9, '逛淘宝看旗袍，真心不敢再看了，吓我一跳', 146, '', 1375406189, 0, 0, 0, 0, 1, 'share'),
(131, 4, '妹子，，你想多了', 147, '', 1375415656, 0, 0, 0, 0, 1, 'share'),
(132, 4, '妹子，你是来晒身材的吗', 148, '', 1375415828, 0, 0, 0, 0, 1, 'share'),
(133, 9, '干吃芥末粉的后果…看一次笑一次！', 149, '', 1375421243, 1, 1, 0, 1, 1, 'share'),
(134, 14, '【哈哈】“不要意思，借过一下。” “2货，看什么，对我有意见？”', 150, '', 1375421815, 0, 1, 0, 0, 1, 'share'),
(135, 14, '学生时代下面的你说过没？说过的话点下支持', 151, '', 1375422060, 0, 0, 1, 0, 1, 'share'),
(136, 4, '兄弟，祝你好运。。。。。', 152, '', 1375422955, 0, 0, 0, 0, 1, 'share'),
(137, 4, '刚买了个优盘，一插上电脑关了', 153, '', 1375423051, 0, 1, 0, 0, 1, 'share'),
(138, 4, '这歌词...', 154, '', 1375423175, 0, 0, 0, 0, 1, 'share'),
(139, 4, '我擦，这是怎么做到的..', 155, '', 1375423258, 0, 0, 0, 0, 1, 'share'),
(140, 4, '哈哈，不解释看图', 156, '', 1375423454, 0, 0, 0, 0, 1, 'share'),
(141, 4, '牛B中“B”是什么意思。', 0, '老外朋友问我傻B、牛B中“B”是什么意思。我告诉他，B是一个副词，形容很厉害，\r\n比如傻B就是“傻得很厉害”，牛B就是“牛得很厉害”，装B就是“装得很厉害”。\r\n所以下次你去中国朋友家吃饭，如果他妈妈烧的菜很好吃，你知道该怎么说了吧？——你妈B！', 1375423507, 0, 0, 0, 0, 1, ''),
(142, 4, '坑爹的WIFI', 157, '', 1375423605, 0, 0, 0, 0, 1, 'share'),
(143, 4, '谁能这么悲剧', 158, '', 1375423696, 0, 0, 0, 0, 1, 'share'),
(144, 4, '分享酒驾前货超速前，请将银行账户密码告诉家人。。。', 159, '', 1375514040, 0, 0, 0, 0, 1, 'share'),
(145, 9, '这才是多用途手机', 160, '', 1375514147, 0, 0, 0, 0, 1, 'share'),
(146, 9, '因为老子不会印真钞。。。', 161, '', 1375514272, 0, 0, 0, 0, 1, 'share'),
(147, 9, '分享我们班上的曾小贤像吧！', 163, '', 1375514475, 0, 0, 0, 0, 1, 'share'),
(148, 9, '新买的手机壳，小伙伴们，有没有惊呆？', 164, '', 1375514556, 0, 0, 0, 0, 1, 'share'),
(149, 16, '有谁能告诉我怎么卸载爱疯的输入法吗？', 165, '', 1375514892, 0, 2, 0, 0, 1, 'share'),
(150, 16, '敲了48下终于敲断了，不信你数下..', 166, '', 1375515082, 0, 0, 0, 0, 1, 'share'),
(151, 16, '背诵朱自清的《荷塘月色》', 0, '今早语文课，语文老师抽查背诵朱自清的《荷塘月色》，正在我忐忑的时候老师喊我的学号，5号！我站起来直接说老师我唱出来行不行？“…我像只鱼儿在你的身旁，只为和你守候那姣白月光…”然后，全班大笑！！！', 1375515285, 0, 0, 0, 0, 1, ''),
(152, 16, '贴纸条，喝冷水，蹬地的什么都弱爆了......', 167, '', 1375515375, 0, 0, 0, 0, 1, 'share'),
(153, 16, '教你如何带女朋友回男生宿舍', 0, '某学院有个体育系男生，白天抱被子出去晒，晚上约会后不舍得小女朋友，结果突发奇想，把妹子卷在被窝里夹回寝室，宿管阿姨丝毫没有发现。睡了一觉，第二天又用同一种方法把妹子夹出来。后来闻名全校，大家纷纷效仿。', 1375515481, 0, 0, 0, 0, 1, ''),
(154, 16, '这公鸡逆天了', 168, '', 1375515614, 0, 0, 0, 0, 1, 'share'),
(155, 16, '乍一看我还以为是真的', 169, '', 1375515666, 0, 0, 0, 0, 1, 'share'),
(156, 16, '这个名字太露骨了，自己找亮点', 170, '', 1375515744, 0, 0, 0, 0, 1, 'share'),
(157, 16, '为神马我辍学就不行啊', 171, '', 1375515844, 0, 0, 0, 0, 1, 'share'),
(158, 16, '中国文化，博大精深~', 172, '一日就旧，中国文化 博大精深啊.........', 1375516018, 0, 2, 0, 0, 1, 'share'),
(159, 16, '信息量略大啊', 173, '', 1375516372, 0, 0, 0, 0, 1, 'share'),
(160, 4, '特价机票的待遇', 174, '', 1375526166, 0, 0, 0, 0, 1, 'share'),
(161, 4, '选修课遇上的妹纸。。。妹纸你穿越来的吧？', 175, '', 1375526351, 0, 1, 0, 0, 1, 'share'),
(162, 16, '点赞的，会成为那个小孩', 176, '如果你是那个小孩，你现在在想什么', 1375545436, 0, 2, 0, 0, 1, 'share'),
(163, 16, '给蚊子的一封信', 177, '', 1375545858, 0, 0, 0, 0, 1, 'share'),
(164, 16, '大王，你到底怎么了', 178, '眼神', 1375545965, 0, 0, 0, 0, 1, 'share'),
(165, 16, '这家的烤肉很一般，但我天天来吃。', 179, '', 1375546092, 0, 2, 0, 0, 1, 'share'),
(166, 16, '我差点要吓死！', 180, '', 1375546179, 0, 0, 0, 0, 1, 'share'),
(167, 16, '我在纠结正面要不要发。。。能发不？', 181, '哪个宿舍的', 1375546408, 0, 1, 0, 0, 1, 'share'),
(168, 16, '在网上买了个东西，打开包装一看。。。店主你是要闹哪样啊', 182, '', 1375546627, 0, 0, 0, 0, 1, 'share'),
(169, 16, '好多电视剧都有这种桥段。。。发自真心的问一句：你们真的不会吐出来吗？呸呸呸会不会？', 183, '', 1375546816, 0, 0, 0, 0, 1, 'share'),
(170, 16, '无论其他分数有多高，如果有蛋蛋。就算了吧', 184, '', 1375547124, 0, 1, 0, 0, 1, 'share'),
(171, 16, '赞下吧！！！！！', 185, '', 1375547263, 0, 3, 1, 0, 1, 'share'),
(172, 16, '现在连乔布斯都要山寨了？', 186, '', 1375547501, 0, 0, 0, 0, 1, 'share'),
(173, 16, '简述细胞分裂', 187, '', 1375547654, 0, 0, 0, 0, 1, 'share'),
(174, 4, '少年 李小龙', 188, '这个厉害...', 1375548113, 0, 1, 0, 0, 1, 'share'),
(175, 4, '女屌丝的上网状态！', 189, '她拿一根青瓜你说要干嘛...', 1375548279, 0, 0, 0, 0, 1, 'share'),
(176, 7, '玩过的说明你已经老了..', 190, '我们管这东西叫火柴炮。火柴炮你懂吗? 美猴王牌的啵. 两毛一盒呢. 威力可是杠杠的哈哈哈. 用它来吓那些鸡鸭狗的特过瘾. 我没记错的话小时候好像挺多人用它来插进牛屎里面炸的. 尼玛牛屎满天飞. 场面极壮观呐 .童年的打仗武器. 最后一个还能用炸盒子。玩过自觉转发。', 1375557234, 0, 1, 0, 0, 1, 'share'),
(177, 4, '读不完初中，不能去打工！', 191, '', 1375591610, 0, 1, 0, 0, 1, 'share'),
(178, 4, '兄弟 你还建在吗？？', 192, '', 1375591675, 0, 0, 0, 0, 1, 'share'),
(179, 4, '次奥，差点被骗~~ 这演技，，，骚年们你们说怎么样？', 193, '', 1375591793, 0, 0, 0, 0, 1, 'share'),
(180, 4, '给十年前的自己发条短信。选哪条？', 194, '', 1375592056, 0, 0, 0, 0, 1, 'share'),
(181, 4, '人老不老另说，心不老！', 195, '', 1375630766, 0, 0, 0, 0, 1, 'share'),
(182, 4, '多么痛的领悟！！=_=', 196, '神领悟啊..', 1375676691, 0, 0, 0, 0, 1, 'share'),
(183, 4, '这配置。。。夏天必备神器', 197, '', 1375679224, 0, 0, 0, 0, 1, 'share'),
(184, 4, '周一提神图：欧弟你饭量也太大了吧', 198, '看着汪涵无奈的眼神，我只想说欧弟你饭量也太大了吧', 1375696339, 0, 0, 0, 1, 1, 'share'),
(185, 14, '给男友化了妆之后觉得自己没有活下去', 200, '我的神纳，你还敢相信美女吗？', 1376390869, 0, 0, 0, 0, 1, 'share'),
(186, 14, '杜海涛：你这又是欢哥上身啦', 201, '海涛，你真是太搞笑了', 1376391260, 1, 1, 0, 1, 1, 'share'),
(187, 14, '这是一张非常不普通的图', 202, '第一眼看错的自觉顶', 1376391740, 0, 0, 0, 0, 1, 'share'),
(188, 4, '情人节最真实的对比解析', 0, '"情人节和清明节是一样的,都是送花,送吃的,区别在于：情人节烧真钱说一堆鬼话给人听；清明 节烧假钱，说一堆人话给鬼听。', 1376394647, 1, 1, 0, 0, 1, 'share'),
(189, 4, '哥的新墨镜，骚一下.......', 203, '牛吗..才28块.........', 1376395801, 0, 2, 0, 0, 1, 'share'),
(190, 4, '如果你是妹纸，是否也被诱惑了', 204, '难道这就是传说中的女神', 1376396616, 3, 3, 1, 0, 1, 'share'),
(191, 14, '贴膜都有祖传的？坑谁呢', 205, '这个有创意啊。。', 1376396974, 0, 0, 0, 0, 1, 'share'),
(192, 14, '哈哈哈！太像了啊，有木有！', 206, '我勒个去啊，，人才啊！！', 1376397315, 0, 1, 0, 0, 1, 'share'),
(193, 14, '感谢苍老师', 0, '地狱来了个人，于是魔鬼说：“你们谁杀人杀的多谁去天堂。”三个人一听，各有想法。杀人犯想：“我杀人没有三十也有二十了，肯定是我上天堂。”将军想：“我南征北战，杀人无数，肯定是我上天堂。”学生想：“不好，我怎么比啊。”魔鬼查看三个人的杀人记录。结果学生上了天堂。在去天堂的路上，学生默默的说：“感谢苍老师！”', 1376397468, 0, 0, 0, 0, 1, 'share'),
(194, 7, '七夕活动-七夕的时候，总有些人让我们爆笑', 207, '七夕，你收到了什么礼物..', 1376398487, 0, 1, 0, 0, 1, 'share'),
(195, 7, '这图究竟有多内涵', 208, '找亮点啊，5秒之内找出的说明你没救了..', 1376416339, 0, 1, 0, 0, 1, 'share'),
(196, 7, '去你妹的心形气球，这不坑人吗！！', 209, '', 1376416690, 0, 0, 0, 0, 1, 'share'),
(197, 4, '最讨厌这种人了！不管对方是男是女，有同感的转', 210, '', 1376461112, 0, 0, 0, 0, 1, 'share'),
(198, 4, '西游记罕见幕后照,太穿越了!', 211, '八戒的耳朵都掉了', 1376462194, 0, 1, 0, 0, 1, 'share'),
(199, 4, '他或她 孤岛上的你会选哪个', 212, '', 1376462535, 0, 0, 0, 0, 1, 'share'),
(200, 4, '八戒，快进来，这里有wifi', 213, '', 1376468045, 0, 0, 0, 0, 1, 'share'),
(201, 4, '小偷的最高境界', 214, '', 1376472453, 0, 0, 0, 0, 1, 'share'),
(202, 14, '让你丫装嫩', 215, '', 1376484978, 0, 0, 0, 0, 1, 'share'),
(203, 14, '我黑还不是因为你们男人混蛋。。。', 216, '中午去吃饭，旁边坐了一对情侣，差不多吃饭的时候，那情侣吵了起来。男生说女生黑，女生气氛的说“我黑还不是因为你们男人混蛋”，我转过头去看了一眼，发现女生挺白的，瞬间我明白了什么...', 1376485235, 0, 0, 0, 0, 1, 'share'),
(204, 14, '原来这就是停靠在八楼的二路汽车', 217, '', 1376485835, 0, 0, 0, 0, 1, 'share'),
(205, 14, '学弟，毕业快乐哦', 218, '你是否也干过这事', 1376486005, 0, 0, 0, 0, 1, 'share'),
(206, 14, '学姐，霸气。找亮点', 219, '', 1376486143, 0, 2, 0, 0, 1, 'share'),
(207, 14, '今天在网上买的衣服~~', 220, '坑爹啊，有木有...', 1376486344, 1, 0, 0, 0, 1, 'share'),
(208, 14, '很有内涵，有木有', 0, '话说悟空向铁扇公主借芭蕉扇的时候，刚好是牛魔王下班回来的点。牛魔王在家门口听见了如下的对话:悟空：“嫂嫂，我在你里面了！”铁扇公主：“啊！不要！！！啊！！！痛！！！你不要乱动。啊，求你快点出来吧！！！啊。。。。”悟空：“好，我就要出来了！请嫂嫂张开嘴巴！！！”铁扇公主：“啊————”牛魔王听到这里，在家门口留下一封离婚协议，伤心的走了。', 1376486766, 0, 0, 0, 0, 1, 'share'),
(209, 14, '悟空，你是对的，削他', 221, '', 1376486937, 0, 0, 0, 0, 1, 'share'),
(210, 14, '情人节妹子出租，亮点自己找', 222, '大家排好队 自备零钱 不要挤嘛', 1376487220, 1, 0, 0, 0, 1, 'share'),
(211, 14, '养精蓄锐啊', 0, '她割破了手指，他替她去买创可贴；但他是个哑巴，比划了一阵子售货员也不知道他要买什么。后来他索性把手指割破，售货员才恍然大悟，原来是需要创可贴啊。随后售货员讪笑，只是买个创可贴嘛，至于把手指弄伤吗？她在他身后看得热泪盈眶。神回复：第二天，她来大姨妈了', 1376487377, 0, 0, 0, 0, 1, 'share'),
(212, 14, '没文化好可怕', 223, '亮点', 1376487506, 0, 0, 0, 0, 1, 'share'),
(213, 14, '看这个就对了', 224, '亮点自己找，5秒之内找出自觉顶，因为你没救了.', 1376487764, 0, 0, 0, 0, 1, 'share'),
(214, 14, '没文化真可怕。。。', 225, '好笑你就顶一个吧', 1376488203, 0, 1, 0, 0, 1, 'share'),
(215, 14, '神版爱情买卖，节操碎了一地', 226, '', 1376488262, 0, 0, 0, 0, 1, 'share'),
(216, 14, '算了还是不揭穿了', 0, '男：“在哪呢”女：“在闺密小芳家看电影呢，怎么了？”男：那........那........好吧！心想算了还是不揭穿了，我也不想让你知道我和小芳在一起......', 1376488415, 0, 1, 0, 0, 1, 'share'),
(217, 14, '台风警报等级', 227, '', 1376488507, 0, 0, 0, 0, 1, 'share'),
(218, 14, '这是女神和屌丝的区别吗？', 228, '', 1376488681, 1, 1, 0, 1, 1, 'share'),
(219, 4, '有一天劫匪绑架了周立波、郭德纲和和小沈阳。', 0, '有一天劫匪绑架了周立波、郭德纲和和小沈阳。劫匪说，你们三个去果园里，一人选一样水果，于是三人进去了。 过了一会儿，波波拿着一个苹果出来了。劫匪对他说，你把自己摘的水果塞进你的肛门里，我就放了你。波波试了试没成功被杀了。 郭德纲拿着三颗葡萄走出来，劫匪对他说了同样的话。当郭德纲塞到第三颗的时候，突然一笑，把最后一颗夹爆了，于是也被杀了。 郭德纲来到地狱，阎王问他，你怎么这么笨，你不笑不就没事了么！郭德纲道：我也不想笑，只是我塞到第三颗的时候，看着小沈阳拎着一个榴莲走出来了……', 1376558919, 0, 0, 3, 0, 1, 'share'),
(220, 7, '这才是从小就有事业心的女纸', 229, '', 1376582312, 0, 0, 0, 0, 1, 'share'),
(221, 16, '啊啊啊啊啊啊啊，你们哪里也热不过北京', 230, '', 1376624607, 0, 0, 0, 1, 1, 'share'),
(222, 16, '泡妞绝技！', 231, '', 1376624796, 0, 1, 0, 0, 1, 'share'),
(223, 16, '办公室良药', 234, '办公室新来了个美女同事，全部男同事似乎突然都开始爱干净了，上班也不穿拖鞋了，办公桌擦的锃亮，谈吐那个绅士那个风趣那个幽默。。。数日听闻已有男友后，大家终于回归了正轨。。。', 1376625442, 2, 1, 0, 0, 1, 'share'),
(224, 24, 'test ', 0, 'test ', 1376645907, 0, 0, 1, 0, 1, 'share'),
(225, 16, '智商低于150的人看不到亮点', 235, '尼美啊，半个小时没看出有什么亮点', 1376901524, 0, 4, 0, 0, 1, 'share'),
(226, 16, '这个夏天，只有一个赢家！', 236, 'PS，你赢了...', 1376901826, 0, 0, 0, 0, 1, 'share'),
(227, 16, '差不多一个意思北鼻的事业线好强', 237, '哈哈哈哈！！！', 1376902100, 0, 1, 0, 0, 1, 'share'),
(228, 7, '烤全鸡真香', 238, '看见这，我瞬间碉堡了，神创意啊....有木有.', 1376925078, 0, 0, 0, 0, 1, 'share'),
(229, 7, '乐友们。。是否看错了。。', 239, '好吧，我承认我邪恶了。。精彩的话就顶一下吧！', 1376925283, 0, 1, 0, 0, 1, 'share'),
(230, 14, '原来，空姐的衣服是这样的', 240, '', 1376925536, 0, 0, 0, 0, 1, 'share'),
(231, 14, '牙齿的重要性！', 241, '尼玛，，吓死我了...', 1376925683, 0, 3, 0, 0, 1, 'share'),
(232, 4, '用完之后又TM变帅了', 242, '', 1376985446, 0, 0, 0, 0, 1, 'share'),
(233, 4, '蝙蝠侠娶了老婆之后。', 243, '不懂还能不能飞得起来..', 1376985626, 0, 0, 0, 0, 1, 'share'),
(234, 4, '这世道，节操何在啊。。', 244, '我和我的小伙伴们都惊呆了，你相信这世界上还有节操的存在吗。碉堡了', 1376985761, 0, 3, 0, 0, 1, 'share'),
(235, 4, '浙大软件学院的宣传照！有同学说是C，另一部分人坚持是C++……', 245, '是c还是c++，到底是c还是c++。。。', 1376986766, 0, 1, 0, 0, 1, 'share'),
(236, 4, '还可不可以在邪恶点！！本人也需求。', 246, '男：求qj，求非礼，求bj，求胸大无脑大美女！算了这不现实，睡觉\r\n女：求非礼，求野战，求帅哥，求车震，算了，这个愿望不能实现，上班上班\r\n男：卧槽\r\n男：可以', 1376987364, 0, 1, 0, 0, 1, 'share'),
(237, 4, '事实再次证明发型很重要，化妆更重要。', 247, '', 1376987511, 0, 0, 0, 0, 1, 'share'),
(238, 4, '女神说最幸福的事情就是两个人一起发呆', 248, '', 1376987716, 0, 0, 0, 0, 1, 'share'),
(239, 4, '尤其是最后那绝望的表情。。。。。。', 249, '看到最后果断笑了..', 1376987840, 0, 0, 0, 0, 1, 'share'),
(240, 4, '望着大海默默地感叹：这辈子再也见不到自己的弟弟了', 250, '', 1376988141, 0, 0, 0, 0, 1, 'share'),
(241, 14, '这逆天的试卷！', 251, '老师:元芳,不用看了,回家吧', 1376988405, 0, 0, 0, 0, 1, 'share'),
(242, 14, '有什么恐怖片吗，推荐一下', 252, '', 1376988521, 0, 0, 0, 1, 1, 'share'),
(243, 14, '朋友间就该这样对话', 253, '', 1376988702, 0, 0, 0, 0, 1, 'share'),
(244, 14, '笑尿了！这姑娘太可爱了！', 254, '', 1376988786, 0, 1, 0, 1, 1, 'share'),
(245, 14, '这价格还贵啊？要不亲一口送你得了', 0, 'LZ开了一家小电脑店，比较爱搞笑，在碰到讨价还价的女客户时常说“这价格还贵啊？要不亲一口送你得了！”没想到今天终于出事情了，说完这句话都没反应过来就一口亲了下来。一个路由器就这么没了！', 1376989097, 0, 0, 0, 1, 1, 'share'),
(246, 14, '去哥们家遇到的大爷', 0, '刚才去哥们家，哥们给我开门，我在他头上拍了一巴掌，大声笑骂：“艹你大爷的，半天不开门搞毛啊！”进门后发现一老头坐在沙发上瞪着我，我小声问哥们：“他谁啊？”我那哥们面无表情：“我大爷....', 1376989203, 0, 0, 0, 0, 1, 'share'),
(247, 14, '这下就不会迷路了吧', 255, '这哥家里是批发GPS的吧..', 1376989730, 0, 0, 0, 0, 1, 'share'),
(248, 14, '总觉得哪里不对劲', 256, '总是有那么一个人抢镜...', 1376989824, 0, 0, 0, 0, 1, 'share'),
(249, 14, '这MM瞬间窘了。。', 257, '', 1376990059, 1, 0, 0, 0, 1, 'share'),
(250, 14, '好显瘦的衣服', 258, '视觉错乱了。。。', 1376990238, 0, 2, 1, 0, 1, 'share'),
(251, 29, '原来老娘一X夹死你的传说是真的', 259, '', 1376990672, 0, 0, 0, 0, 1, 'share'),
(252, 29, '姑娘衣服也太透明了', 260, '找亮点，，顺便顶一下吧！', 1376990789, 0, 0, 0, 0, 1, 'share'),
(253, 30, '这孩子长的一副屌丝的眼神', 261, '', 1376991141, 0, 0, 0, 0, 1, 'share'),
(254, 4, '周二发福利，贡献妹子一枚', 262, '妹子求推销，速速联系。。', 1376991439, 1, 3, 0, 0, 1, 'share'),
(255, 30, '据说有人一眼就找出了亮点', 263, '貌似好有艺术感..', 1377046841, 0, 5, 1, 0, 1, 'share'),
(256, 30, '话说她家空调好旧额', 264, '亮点在空调啊，其他别乱看.', 1377047010, 0, 1, 0, 0, 1, 'share'),
(257, 30, '妹子，这个胡萝卜好长啊……', 265, '', 1377051862, 1, 2, 0, 1, 1, 'share'),
(258, 10, '人妖也不是都那么美的。 上图泰国人妖POY，下图印度人妖。同样是人妖，差距咋这么大捏？', 266, '', 1377061423, 0, 2, 0, 0, 1, 'share'),
(259, 4, '宿舍管理员大妈，您真会挑时间', 267, '舍管大妈。碉堡了。。貌似会火.', 1377065036, 0, 0, 0, 0, 1, 'share'),
(260, 30, '泰国农业大学的“防作弊帽”', 268, '神创意啊.', 1377066353, 0, 0, 0, 0, 1, 'share'),
(261, 30, '清华附中真是好学校', 269, '这个。。。', 1377066473, 0, 0, 0, 0, 1, 'share'),
(262, 30, '脚汗太大··这样就没问题了', 270, '学弟学妹们，军训妙招啊......', 1377066649, 0, 0, 0, 0, 1, 'share'),
(263, 30, '小鬼子来这里参拜吧！', 271, '是国人就应该顶..', 1377066834, 0, 6, 0, 1, 1, 'share'),
(264, 30, '你的眼神出卖了你', 272, '', 1377068615, 0, 0, 0, 0, 1, 'share'),
(265, 30, '年轻时的张国立', 273, '右边那位是迪克牛仔吗？？', 1377068716, 0, 0, 0, 0, 1, 'share'),
(266, 31, '忙不过来', 274, '', 1377069636, 1, 3, 0, 1, 1, 'share'),
(267, 4, '十大大老婆地区排行榜', 275, '', 1377074598, 0, 2, 0, 0, 1, 'share'),
(268, 4, '丢个垃圾都这么艺术', 276, '', 1377076832, 0, 1, 0, 1, 1, 'share'),
(269, 4, '这些莫名的长相等式', 278, '哈哈，笑死了、、', 1377089570, 0, 0, 0, 0, 1, 'share'),
(270, 4, '最巧合的车祸', 279, '牛x啊..', 1377089814, 0, 1, 0, 0, 1, 'share'),
(271, 4, '还是评论好看些，求顶..', 280, '', 1377089951, 0, 1, 0, 1, 1, 'share'),
(272, 4, '一句话让你明白苦逼和高富帅！', 281, '这就是穷人和富人的区别,,,,,,,,, 大家觉得对吗？', 1377090312, 0, 0, 0, 0, 1, 'share'),
(273, 4, '女神回来后就成了这样', 282, '女神出去了一天，回来后就成了这样，，，总感觉哪里不对.....哪里呢......', 1377090635, 0, 0, 1, 0, 1, 'share'),
(274, 4, '妹纸求p的下场~~！', 283, '妹子就是这么天真。。。', 1377090714, 0, 0, 0, 0, 1, 'share'),
(275, 4, '只能选一个，你选哪个？', 284, '我要选衣服穿的最多的，么么哒', 1377090819, 0, 0, 0, 0, 1, 'share'),
(276, 4, '公交车上碰到的，这是什么关系啊', 285, ' 干爹和干女儿？？？大爷好牛', 1377090920, 0, 0, 0, 0, 1, 'share'),
(277, 4, '笑死，不笑楼主没有xx', 286, '牛逼的一塌糊涂。。。。。。。。最后一句绝对会笑喷', 1377091043, 0, 1, 0, 0, 1, 'share'),
(278, 4, '有没有亮点？', 287, ' 老大爷很好的观察力啊！', 1377091196, 0, 1, 0, 0, 1, 'share'),
(279, 4, '邪恶爆笑~！尾随。。。', 288, '请让我变成那位妹纸的中指感受下姑凉吧~~~ ', 1377091402, 0, 0, 0, 0, 1, 'share'),
(280, 4, '男淫为啥要吃伟哥？？', 289, '超内涵啊~~，，男人为啥要吃伟哥。。。', 1377091528, 0, 0, 0, 0, 1, 'share'),
(281, 4, '现在的a片厂商真是越来越不讲究诚信了~！', 290, '对于这样的诚信问题，我绝对要发出声明严讨~~！为嘛可以这样对我们~！！', 1377091677, 0, 0, 0, 0, 1, 'share'),
(282, 4, '又是一个可以尽情挤公交的季节~~', 291, '屌丝们又可以每天挤公交了。。。。……', 1377091856, 0, 0, 0, 0, 1, 'share'),
(283, 4, '这两种技能都好爽啊~~~！', 292, '原来站枪和躺枪是一个事儿~~', 1377092051, 0, 1, 0, 0, 1, 'share'),
(284, 4, '此妹纸有喜欢的吗？？~', 293, '第一眼看错的骚年有木有？？！主动承认了哈~！\r\n好正的妹纸啊，，，有喜欢的吗？？~~', 1377092121, 0, 1, 0, 0, 1, 'share'),
(285, 9, '罩杯字幕的含义！！', 294, '逆天的解释~~！！\r\n罩杯的字幕含义。。这解析，，，，……', 1377092251, 0, 0, 0, 0, 1, 'share'),
(286, 9, '说多了都是泪啊~！', 295, '丢人丢大发了，，，唉…… 说多了都是泪啊~~！', 1377092411, 0, 0, 0, 0, 1, 'share'),
(287, 9, '师傅，你到底救谁？？', 296, '介个，介个~~ 内涵啊。。\r\n好吧，我笑点又低了……', 1377092835, 0, 0, 0, 0, 1, 'share'),
(288, 9, '老湿，基友和炮友有什么不同啊？', 297, '“老师，我11岁，大家都叫你老师所以想问一个问题。” “你好，想问神马？”\r\n　　“基友和炮友有什么不同啊？” 我顿时觉得肩负着一种来自祖国未来的巨大压力。\r\n　　然后很认真地回答了他：“基友就是一起吃肯德基的朋友，炮友就是一起吃泡面的朋友。前者注重交流，后者注重效率。”', 1377093033, 1, 2, 0, 1, 1, 'share'),
(289, 9, '教你怎样判断自己是个美女？', 298, '怎样判断自己是个美女？ 在自己的照片上P些日文，，，如果有人跳出来求种子，那么恭喜你，，你就是美女了。', 1377093229, 0, 3, 0, 0, 1, 'share'),
(290, 16, '夏天如此热，妹纸都成介样了。。。', 299, '丫的，学校你就不能装空调吗？？！看把妹纸热成啥样了！\r\n热的哥我都想看一下东京热了····', 1377093466, 0, 0, 0, 0, 1, 'share'),
(291, 16, '早知道就去学纹身了！', 300, '早知道有这么好的福利就去学纹身了~~！唉，悔不当初~~……\r\n看来选对专业很重要！', 1377093585, 0, 2, 0, 0, 1, 'share'),
(292, 16, '男人与女人起床对比图~~', 301, '哈哈~~！看完笑屎我了，，这就是男淫与女银的区别~~', 1377093747, 0, 2, 0, 0, 1, 'share'),
(293, 16, '人类已经无法阻止芒果台逆天了！！', 302, '伙伴们，我已无力吐槽，，，，，五内俱损~~  你们自己评吧........', 1377093902, 0, 0, 0, 0, 1, 'share'),
(294, 4, '和几个朋友唱歌通宵', 303, '和几个朋友唱歌通宵，我困了就眯着眼睛睡觉。 旁边一妹子问我：“困了吗？” 我以为她要借肩膀给我靠，满心欢喜的说困了。 谁料她用力的掐了一下我大腿，说：“现在清醒了吗？” 尼妹啊', 1377094408, 0, 1, 0, 0, 1, 'share'),
(295, 4, '这样洗衣服省力多了', 304, '我的小伙伴们。你们想到了吗..', 1377094615, 0, 1, 0, 0, 1, 'share'),
(296, 16, '不能一棒打死所有湿胸啊', 305, '', 1377145007, 0, 3, 1, 0, 1, 'share'),
(297, 16, '公司没厕所怎么办？', 306, '', 1377145164, 1, 6, 0, 0, 1, 'share'),
(298, 35, '额额额额额额额额额额额', 307, '', 1377344574, 1, 1, 2, 0, 1, 'share'),
(308, 30, '大学宿舍总是人才辈出啊~~', 313, '在看什么呀。。', 1377564441, 0, 0, 0, 0, 1, 'share'),
(301, 4, '好恐怖，这个妹子的脑袋居然长反了', 308, '', 1377526540, 0, 0, 0, 0, 1, 'share'),
(302, 4, '你们说，奥巴马帅不', 309, '其实都很帅...', 1377526620, 0, 0, 0, 0, 1, 'share'),
(303, 4, '男女相亲，在茶馆相对而坐，语拙无题', 310, '男女相亲，在茶馆相对而坐，语拙无题，男主动挑起话题：你是怎样看待房市的？女一愣低头沉默好一会：只要姿势不太古怪，我会尽量配合，但一定要让我喊出来。', 1377526835, 0, 1, 0, 0, 1, 'share'),
(304, 4, '昨天在必胜客，我问服务员：“能给我添碗米饭吗？', 0, '昨天在必胜客，我问服务员：“能给我添碗米饭么？” 我女朋友听后，竟然当着人家的面说：“先生，你能到别桌吃么？我不想跟你拼桌！”', 1377526916, 0, 0, 0, 0, 1, 'share'),
(305, 4, '语文课上，老师正在讲艾青的《我爱这土地》', 0, '语文课上，老师正在讲艾青的《我爱这土地》，有学生问：为何艾青的这首诗如此广为传诵呢？老师思考了很久决定用毕生所学来解答，于是充满感情地说道：“因为艾青...”这时台下不知谁唱了起来：“简单的生长，依然随时可以为你疯狂~~”', 1377527019, 0, 0, 0, 0, 1, 'share'),
(306, 4, '你永远不懂我伤悲', 311, '', 1377527171, 0, 0, 0, 0, 1, 'share'),
(307, 4, '哥，你这肿么了..', 312, '', 1377527625, 1, 1, 0, 0, 1, 'share'),
(309, 9, '确实是干爹最爱超短裙', 314, '干爹小短裙..', 1377605268, 0, 0, 0, 0, 1, 'share'),
(310, 9, '你当观众都是瞎子吗！', 315, '这是哪部电视剧..', 1377605374, 0, 1, 0, 0, 1, 'share'),
(311, 9, '这种奇葩的裤子还真的有妹子穿', 316, '原来用途这么大，我和我的小伙伴都惊呆了.', 1377605497, 0, 0, 0, 0, 1, 'share'),
(312, 7, '谁去顶一下让她摔倒呀', 317, '', 1377605632, 0, 1, 0, 0, 1, 'share'),
(313, 7, '送礼金就要送的霸气', 318, '', 1377605698, 0, 0, 0, 0, 1, 'share'),
(314, 7, '现在的出家人好霸气！', 319, '', 1377605850, 0, 0, 0, 0, 1, 'share'),
(315, 7, '30秒内，找出全部亮点', 320, '', 1377606092, 0, 0, 0, 0, 1, 'share'),
(316, 7, '学生与老师的待遇截然不同啊', 321, '', 1377606188, 0, 1, 0, 0, 1, 'share'),
(317, 29, '你能看得出她多少岁吗。', 322, '韩国美女郑多燕，她46岁……', 1377651130, 0, 0, 0, 0, 1, 'share'),
(318, 29, '如果战争年代有“朋友圈”的话', 323, '微信不仅仅是泡妞神器....', 1377651340, 0, 0, 0, 0, 1, 'share'),
(319, 29, '如果战争年代有“朋友圈”的话...', 324, '微信，不仅仅是泡妞神器..', 1377651436, 0, 3, 0, 1, 1, 'share');
INSERT INTO `le_share` (`id`, `uid`, `title`, `img_id`, `content`, `add_time`, `comment_count`, `le`, `nu`, `fav`, `status`, `type`) VALUES
(320, 29, '这个信息量有多大？', 325, '大得亮瞎了眼..', 1377651642, 0, 0, 0, 0, 1, 'share'),
(321, 29, '好内涵的照片，我就瞬间邪恶了', 326, '不管你懂不懂，反正我不懂..', 1377651887, 0, 0, 0, 0, 1, 'share'),
(322, 29, '求传播，很有用..', 327, '', 1377652079, 0, 0, 0, 0, 1, 'share'),
(323, 29, '明卡猫漫画·为人师表', 328, '', 1377652259, 0, 0, 0, 1, 1, 'share'),
(324, 41, '11111111111111111111', 0, '啊实打实大萨达四大四大是的撒', 1377681455, 0, 0, 0, 0, 1, 'share'),
(325, 4, '谁来告诉我、这是哪个学校的军训！', 329, '哥们，你是否也爱上俯卧撑了..', 1377736797, 0, 0, 0, 0, 1, 'share'),
(326, 30, '这姑娘手势有些……', 330, '邪恶了，有木有..', 1377748836, 0, 1, 0, 0, 1, 'share'),
(327, 30, '我和我的小伙伴惊呆了', 331, '异性恋。。满意回答屌爆了..', 1377748920, 0, 0, 1, 0, 1, 'share'),
(328, 30, '每次看见都会笑的', 332, '原来奥特曼放绝招是这样的...', 1377749293, 0, 2, 0, 0, 1, 'share'),
(329, 25, '中国校服的正确穿法', 333, '中国校服的正确穿法', 1377761400, 0, 0, 0, 0, 1, 'share'),
(330, 4, '世界之大，奇葩无处不在', 334, '', 1377769103, 0, 1, 0, 0, 1, 'share'),
(331, 26, '有了新欢不忘旧爱，这才是好男人的标准', 335, '', 1377940173, 0, 2, 0, 0, 1, 'share'),
(332, 23, '丰盛的晚餐。有的吃，更有的喝。', 336, '醉翁之意不在酒.在乎山水之间也。', 1378009043, 0, 0, 0, 0, 1, 'share'),
(333, 23, '山间的流水,你看到了什么', 337, '数一下一共有多少个人。。然后找一下亮点...', 1378009145, 0, 0, 0, 0, 1, 'share'),
(334, 23, '泰森急了咬耳朵，你丫更狠！', 338, '泰森说：好吧，你们赢了........', 1378009350, 0, 0, 0, 0, 1, 'share'),
(335, 4, '熊孩子竟学会"隐身"了', 339, '', 1378011763, 0, 0, 0, 0, 1, 'share'),
(336, 23, '高手在民间，这句话不能同意的再多了', 340, '', 1378030716, 0, 0, 0, 0, 1, 'share'),
(337, 23, '人性化门铃', 341, '', 1378030771, 0, 1, 0, 0, 1, 'share'),
(338, 23, '双杀！', 342, '', 1378030805, 0, 0, 0, 0, 1, 'share'),
(339, 23, '这是用来镇宅吗！！！', 343, '谁家的宝宝不听话，就在家里门上贴张这个图？？？', 1378030893, 0, 0, 0, 0, 1, 'share'),
(340, 23, '阳光照着他们，然后他们相爱了', 344, '', 1378030994, 0, 0, 0, 0, 1, 'share'),
(341, 23, '好时髦的表，好时髦的表', 345, '', 1378031091, 0, 0, 0, 0, 1, 'share'),
(342, 23, '好想喂她吃熊猫竹子', 346, '', 1378031166, 0, 0, 0, 0, 1, 'share'),
(343, 23, '中枪的顶一下', 347, '', 1378031277, 0, 0, 0, 0, 1, 'share'),
(344, 23, '以后说话真的要注意！', 348, '', 1378031449, 0, 0, 0, 0, 1, 'share'),
(345, 23, '游泳池边弄成玻璃边的好处', 349, '', 1378086406, 0, 2, 0, 0, 1, 'share'),
(346, 23, '你这是炫富吗', 350, '', 1378086495, 1, 0, 0, 0, 1, 'share'),
(347, 4, '刚刚看到朋友里面的、', 351, '刚刚看到朋友里面的、', 1378134573, 0, 0, 0, 0, 1, 'share'),
(348, 4, '我纯洁的形象没了', 0, '姐姐姐夫吵架，爸妈叔婶的在劝，我嗑瓜子看电视，她们劝无非什么夫妻吵架床头吵床尾和；我插嘴：就是，一炮泯恩仇嘛.....全家满脸黑线的看着我，我纯洁的形象没了...', 1378134680, 0, 0, 0, 0, 1, 'share'),
(349, 4, '太谢谢你了，孙子', 0, '某日在公交车上，上来一长胡子大爷，一年轻小伙立即给大爷让座，大爷说:“谢谢你，小兄弟”。年轻小伙笑着对大爷说“大爷，我有那么老么？”。高潮来了，大爷来了句“总不能说谢谢你，孙子！”，全车爆笑……', 1378134719, 0, 0, 0, 0, 1, 'share'),
(350, 4, '马勒戈壁，被大学上了', 352, '', 1378134803, 0, 0, 0, 0, 1, 'share'),
(351, 4, '说去带广州一个小学的四年级小学生军训', 353, 'lz前天接到任务，说去带广州一个小学的四年级小学生军训，来到学校领到我带的班后，问了问有谁最近玩过英雄联盟lol的？有三个个熊孩子开心地说最近用哥哥的账号玩过，lz果断拉出来罚了30俯卧撑，差点没哭，不好意思，暑假排位输了不少', 1378134873, 0, 0, 0, 0, 1, 'share'),
(352, 4, '纯天然西瓜锅！碉堡了哦！', 354, '', 1378135015, 0, 0, 0, 0, 1, 'share'),
(353, 4, '上学路上最希望看到什么', 355, '', 1378135099, 0, 0, 0, 0, 1, 'share'),
(354, 4, '面对如此大乳，小朋友也不淡定了......', 356, '', 1378135155, 0, 0, 0, 0, 1, 'share'),
(355, 4, '刚看的 给大伙乐一乐^_^', 357, '', 1378135234, 0, 0, 0, 0, 1, 'share'),
(356, 4, '贫困地区孩子玩的篮球', 358, '', 1378135351, 0, 0, 0, 0, 1, 'share'),
(357, 4, '牛人是这样给电脑散热的', 359, '', 1378135459, 0, 0, 0, 1, 1, 'share'),
(358, 4, '医生，我脱发了', 360, '', 1378135649, 0, 0, 0, 0, 1, 'share'),
(359, 4, '简直太对了！', 361, '', 1378135728, 0, 0, 0, 0, 1, 'share'),
(360, 42, '太非主流了', 362, '', 1378135844, 0, 0, 0, 0, 1, 'share'),
(361, 4, '牛郎TM不是人', 0, '小喜鹊兴奋的来到老喜鹊的床前：“爷爷，我成功入选搭鹊桥大队了，而且是在桥中间的位置，可以最近距离见证牛郎织女的伟大爱情”老喜鹊低下头：“孩子，听爷爷的话你不能去”小喜鹊：“为什么”老喜鹊黯然道：“你知道爷爷为何瘫痪在床吗？你知道你爹为何至今昏迷不醒吗”小喜鹊茫然得摇着头。老喜鹊抬起头满脸都是泪：“牛郎TMD的不是人，憋了一年，桥震起来不管不顾，我跟你爹当年就在桥震中心点……”', 1378136002, 0, 0, 0, 0, 1, 'share'),
(362, 42, '深不可测的。。。酒量', 363, '', 1378136053, 0, 0, 0, 0, 1, 'share'),
(363, 42, '小样儿，还在做梦呢吧', 364, '', 1378136133, 1, 1, 0, 0, 1, 'share'),
(364, 4, '大哥，您真是一朵奇葩！', 365, '', 1378136306, 0, 0, 0, 0, 1, 'share'),
(365, 23, '感觉辞职报告很霸气有木有', 366, '', 1378138734, 0, 1, 0, 0, 1, 'share'),
(366, 23, '你有过一紧的感觉吗', 367, '', 1378138807, 0, 2, 0, 0, 1, 'share'),
(367, 23, '每一阵风 都是一个男人的灵魂', 368, '', 1378138859, 0, 0, 0, 0, 1, 'share'),
(368, 30, '内涵图求解释', 369, '内涵图求解释', 1378172503, 0, 0, 0, 0, 1, 'share'),
(369, 30, '你的可乐掉了！', 370, '偶的偶像啊 ......', 1378172592, 0, 0, 1, 0, 1, 'share'),
(370, 30, '这位外国大叔，很好奇你是怎么进来的？？？', 371, '', 1378172748, 0, 0, 0, 0, 1, 'share'),
(373, 30, '史上最全避孕套用法', 374, '我勒个去啊。。都是人才啊，未成年勿看.........', 1378173337, 0, 4, 0, 0, 1, 'share'),
(372, 30, '穷逼比赛top10', 373, '', 1378172981, 0, 0, 0, 0, 1, 'share'),
(374, 4, '业务能力太差。。。。', 375, '', 1378212764, 0, 2, 0, 0, 1, 'share'),
(375, 4, '好基友，一辈子..', 377, '', 1378224576, 0, 3, 0, 0, 1, 'share'),
(376, 16, '远看美腿长发，近看，我去！', 378, '', 1378352753, 0, 0, 0, 0, 1, 'share'),
(377, 16, '注定一生孤独你们感受感受', 379, '大神领略..', 1378353139, 0, 0, 0, 0, 1, 'share'),
(379, 16, '兄弟，干的漂亮', 380, '', 1378353536, 0, 1, 0, 0, 1, 'share'),
(380, 16, '世界诡异的十大巧合！', 381, '世界诡异的十大巧合！世上那有这么巧的事发生，太不可思议了', 1378353683, 0, 0, 0, 0, 1, 'share'),
(381, 16, '有些文化还是很值得学习的', 382, '', 1378353883, 0, 0, 0, 0, 1, 'share'),
(382, 4, '孩子，你应该去泰国，太有潜质了', 383, '', 1378362399, 0, 0, 0, 0, 1, 'share'),
(383, 4, '性感T恤，平胸女人的福音', 384, '哈哈！第一眼看错了..', 1378362655, 0, 1, 0, 1, 1, 'share'),
(384, 4, '完全欣赏的角度', 386, '', 1378363472, 0, 0, 0, 0, 1, 'share'),
(385, 4, '在南宁发生的一幕，这货我不说了', 387, '这货我不说了 你自己看吧!亮点在哪', 1378363794, 0, 0, 0, 0, 1, 'share'),
(386, 4, '我也好想摁一下，不过不是电梯按钮（找亮点）', 389, '不知道大家发现没有，这个男的头发好长啊，胸肌不是一般的发达，肯定是个练家子，青筋暴起的右手证明是个频繁使用右手的人，食指上的铁环明显是为了增强摩擦的快感，轻薄透气的T恤是运动的绝佳装备！（我会告诉你这是一个男人抱着充气娃娃按电梯吗？）', 1378364054, 0, 0, 0, 0, 1, 'share'),
(387, 23, '马爷，您饶了我吧', 390, '', 1378366088, 0, 0, 0, 0, 1, 'share'),
(388, 23, '胸垫掉了？', 391, '', 1378367357, 0, 0, 0, 0, 1, 'share'),
(389, 23, '真猛!这可是野外露营啊', 392, '', 1378367503, 0, 0, 0, 0, 1, 'share'),
(390, 23, '求解释，这妹纸是什么意思', 394, '', 1378367690, 0, 0, 0, 0, 1, 'share'),
(391, 26, '原来真有这样的魔法！', 395, '', 1378367964, 0, 0, 0, 0, 1, 'share'),
(392, 29, '谁是丧家犬真没人知道', 397, '看到最后 忍不住笑喷了..', 1378371362, 0, 0, 0, 0, 1, 'share'),
(393, 29, '做你的太阳', 398, '好男人就是我，我就是你的太阳。。哈哈哈', 1378371495, 0, 0, 0, 0, 1, 'share'),
(394, 29, '你俩说的这是啥玩意啊', 399, '你俩说的这是啥玩意啊，求解啊！！', 1378371611, 0, 0, 0, 0, 1, 'share'),
(395, 29, '据说这种生物叫做貘，它有着一条非常欢乐的JJ，好孩子的你可千万不要直视', 400, '', 1378371786, 0, 0, 0, 0, 1, 'share'),
(396, 29, '三个球球同时落地 ', 401, '爆了，有木有...', 1378371990, 0, 0, 0, 0, 1, 'share'),
(397, 29, '拍结婚照的秘密，一般人我不告诉。。。', 402, '拍结婚照的秘密，一般人我不告诉他，这世上没有丑女..', 1378372105, 0, 0, 0, 0, 1, 'share'),
(398, 29, '迷彩服的背后有一颗蕾丝的心', 403, '迷彩服的背后有一颗蕾丝的心', 1378372218, 0, 0, 0, 0, 1, 'share'),
(399, 29, '世界上最灵异的事,你先看清楚有几个人...', 404, '回复之后你将不相信自己的眼睛，觉得神奇自觉顶 ', 1378372409, 1, 1, 0, 0, 1, 'share'),
(400, 29, '礼仪小姐狂追柔道“猛男” 我擦胖子好福利啊！！', 405, '礼仪小姐狂追柔道“猛男” 我擦胖子好福利啊！！程序员有这待遇吗？？', 1378372620, 0, 0, 0, 0, 1, 'share'),
(401, 29, '这些都是骗局，大家看看吧。', 406, '', 1378372790, 0, 0, 0, 0, 1, 'share'),
(402, 4, '在一起在一起', 407, '冒死偷拍。好基友 在一起在一起', 1378380740, 0, 0, 0, 0, 1, 'share'),
(403, 4, '老公过生日想来想去不知道该送什么', 408, '新手不会割 老公过生日想来想去不知道该送什么 去蛋糕店突发奇想订做了个这个 我想老公应该会喜欢吧', 1378380806, 0, 0, 0, 0, 1, 'share'),
(404, 4, '富有艺术性的接吻', 409, '', 1378380924, 0, 0, 0, 0, 1, 'share'),
(405, 4, '我和我的小伙伴惊呆了', 410, '霸气，我和我的小伙伴惊呆了', 1378381030, 0, 0, 0, 0, 1, 'share'),
(406, 4, '请按指示操作', 411, '', 1378381176, 0, 0, 0, 0, 1, 'share'),
(407, 4, '打一辈子飞机的男人 输给了一个女人', 412, '', 1378381324, 0, 0, 0, 0, 1, 'share'),
(408, 4, '预防晕船从娃娃抓起', 413, '', 1378381445, 0, 1, 0, 0, 1, 'share'),
(409, 4, '别再跟我提什么烤全羊烤全牛了', 414, '别再跟我提什么烤全羊烤全牛了，我也是见过世面的人，刚从外面吃烧烤回来… 呵呵~', 1378381602, 0, 0, 0, 0, 1, 'share'),
(410, 4, '孩子出门要注意！', 415, '', 1378381731, 0, 0, 0, 0, 1, 'share'),
(411, 4, '真心说对了！', 416, '', 1378381838, 0, 0, 0, 0, 1, 'share'),
(412, 4, '小学三年级开学小测验', 417, '试卷印刷有点失误，判断题。于是。全办公室的老师都笑喷了。孩子好天真的说。', 1378382001, 0, 0, 0, 0, 1, 'share'),
(413, 4, '这是国外版的白娘子吗？', 418, '', 1378382190, 0, 0, 0, 0, 1, 'share'),
(414, 4, '爱情发展流程图', 419, '啥也不说了，我和我得小伙伴都惊呆了', 1378382358, 0, 0, 0, 0, 1, 'share'),
(415, 4, '说到哥们心坎里了', 420, '精辟啊 说到哥们心坎里了', 1378382533, 0, 0, 0, 0, 1, 'share'),
(416, 4, '我要包年！', 421, '包年....', 1378382674, 0, 0, 0, 0, 1, 'share'),
(417, 4, '她出门时得多着急', 422, '亮点自己找吧，她出门时得多着急？', 1378382761, 0, 0, 0, 0, 1, 'share'),
(418, 4, '无聊发发看！～～～～', 423, '', 1378382876, 0, 0, 0, 0, 1, 'share'),
(419, 4, '亚洲最美十大女神,亲们怎么看', 424, '', 1378383037, 0, 0, 0, 0, 1, 'share'),
(420, 4, '我就高高兴兴的骑我的破摩托车去接她', 425, '就刚刚，一妹纸说肚子饿！要去吃宵夜，我就高高兴兴的骑我的破摩托车去接她！………割……………路上她突然问我这摩托车什么年代的这么强悍居然有9档…我一看显示凌乱了…', 1378383138, 0, 0, 0, 0, 1, 'share'),
(421, 4, '那年，错过的爱情', 0, '读初中的时候，和一女同学相互有好感，有一天，其他同学都去午休了，只有我和她在教室，两个人有说有笑的，突然我停下来说话，静静的看着她，说也奇怪，不知道为什么她把眼睛闭上呆呆坐在那，我那时候蠢到家了，不知所措，竟然用双手把她的眼睛打开了……', 1378383181, 0, 0, 0, 0, 1, 'share'),
(422, 23, '小猪，你到底犯了什么错', 426, '', 1378430488, 0, 1, 0, 0, 1, 'share'),
(423, 23, '各种极品。。最后一个high 了', 427, '', 1378430656, 0, 0, 0, 0, 1, 'share'),
(424, 23, '西瓜能吃成这样，不愧是人才..', 428, '总有些爆笑瞬间让你吐槽无力', 1378430796, 0, 0, 0, 0, 1, 'share'),
(425, 23, '这到底是肿么回事。。', 429, '', 1378431334, 0, 0, 0, 0, 1, 'share'),
(426, 23, '这是做什么邪恶的梦了？', 430, '萌翻了，有木有..', 1378431425, 0, 1, 0, 0, 1, 'share'),
(427, 23, '有时候超长护翼也不是那么方便', 431, '', 1378431643, 0, 2, 0, 0, 1, 'share'),
(428, 4, '这样自拍才霸气！！都侧漏了！！！', 432, '', 1378480482, 0, 0, 2, 1, 1, 'share'),
(429, 4, '贱人就是矫情', 433, '贱人就是矫情。。。。。。', 1378480599, 0, 1, 0, 0, 1, 'share'),
(430, 4, '吓死人不偿命啊', 434, '卧槽！这个整人方法真是吓死人不偿命啊，太坏了哈哈哈哈', 1378480743, 0, 0, 0, 0, 1, 'share'),
(431, 4, '女朋友跑了吧？活该撸一辈子！', 435, '', 1378481075, 0, 1, 0, 0, 1, 'share'),
(432, 4, '赏妹子两枚，请找亮点', 436, '', 1378482594, 0, 1, 0, 0, 1, 'share'),
(433, 4, '这是什么车啊..', 437, '一直很佩服设计师的想象力，他们总是能设计出让人意想不到的东西。然而当我看到他们的一些作品时，我真是被雷到了。我的天呐！怎么会有人把一些平常的东西设计成到如此令人咋舌地步。相信你看了之后，也会有同样的感受的。 有必要把肉切成这样吗？ 这张床能睡人吗？ 有必要把床弄成汉堡吗？ 鲨鱼车门，有个性！ 汗！弄成这样吓唬谁呢？ ...', 1378541597, 0, 2, 0, 0, 1, 'share');

-- --------------------------------------------------------

--
-- 表的结构 `le_share_comment`
--

CREATE TABLE IF NOT EXISTS `le_share_comment` (
  `id` int(11) NOT NULL AUTO_INCREMENT,
  `share_id` int(11) NOT NULL,
  `fid` int(11) NOT NULL,
  `uid` int(11) NOT NULL,
  `comment` varchar(300) NOT NULL,
  `back` smallint(8) NOT NULL,
  `add_time` int(10) NOT NULL,
  `add_ip` varchar(20) NOT NULL,
  `status` tinyint(1) NOT NULL DEFAULT '0',
  PRIMARY KEY (`id`)
) ENGINE=MyISAM  DEFAULT CHARSET=utf8 AUTO_INCREMENT=78 ;

--
-- 转存表中的数据 `le_share_comment`
--

INSERT INTO `le_share_comment` (`id`, `share_id`, `fid`, `uid`, `comment`, `back`, `add_time`, `add_ip`, `status`) VALUES
(47, 58, 0, 4, '哈哈！！', 0, 1375259775, '222.216.195.84', 1),
(48, 71, 0, 7, '哈哈！！搞笑..', 0, 1375332902, '222.216.195.84', 1),
(49, 95, 0, 4, '好友内涵', 1, 1375335402, '222.216.195.84', 1),
(50, 133, 0, 14, '哈哈！！笑屎了..', 3, 1375421647, '222.216.195.84', 1),
(51, 62, 0, 4, '时代发生的', 0, 1375544089, '182.88.122.164', 1),
(52, 60, 0, 4, '小声点', 0, 1375672621, '222.216.195.84', 1),
(53, 60, 0, 20, '美曝了', 0, 1376387434, '222.216.195.84', 1),
(54, 186, 0, 14, '哈哈!看一次笑一次..', 0, 1376391309, '182.88.121.209', 1),
(55, 188, 0, 4, '精辟啊，说得太对了！！', 0, 1376395589, '182.88.121.209', 1),
(56, 190, 0, 4, '女神啊，沙发是我的！', 0, 1376396678, '182.88.121.209', 1),
(57, 190, 0, 21, '这不是我未来的女朋友？', 0, 1376397057, '171.37.254.212', 1),
(58, 190, 0, 14, '楼下真不要脸啊', 0, 1376397100, '182.88.121.209', 1),
(59, 63, 0, 7, '貌似我中枪了', 0, 1376416043, '182.88.121.209', 1),
(60, 207, 0, 14, '晕', 0, 1376486655, '182.88.121.209', 1),
(61, 210, 0, 14, '左边妹子 睡觉倒贴100啊..求电话', 0, 1376487299, '182.88.121.209', 1),
(62, 218, 0, 22, '女神啊', 0, 1376540394, '222.216.195.84', 1),
(63, 223, 0, 23, '不错哦！', 0, 1376644216, '222.216.195.84', 1),
(64, 223, 0, 26, '笑屎了', 0, 1376712016, '222.216.195.84', 1),
(65, 127, 0, 4, 'MD,表示我半个小时没找出亮点', 0, 1376712599, '222.216.195.84', 1),
(66, 249, 0, 29, '这妹妹，，元芳你怎么看！', 0, 1376990593, '222.216.195.84', 1),
(67, 254, 0, 30, '怎么没人要呢？？求电话', 0, 1377052363, '222.216.195.84', 1),
(68, 257, 0, 10, '内涵啊', 0, 1377061728, '222.216.195.84', 1),
(69, 266, 0, 4, '这大妈碉堡了。。。', 0, 1377069995, '222.216.195.84', 1),
(70, 297, 0, 33, 'aaa', 0, 1377248065, '211.103.136.242', 1),
(71, 288, 0, 4, '牛逼啊！！', 0, 1377269845, '125.73.18.74', 1),
(74, 307, 0, 30, '人才啊.', 0, 1377564296, '222.216.195.84', 1),
(73, 299, 0, 37, '代码开源吧！', 0, 1377484851, '122.113.36.146', 1),
(75, 346, 0, 4, '好多钱啊..', 0, 1378120678, '116.8.96.169', 1),
(76, 363, 0, 4, '我x，这是要逆天啊..', 0, 1378136187, '171.36.214.114', 1),
(77, 399, 0, 16, '我来看看.', 0, 1378373459, '222.216.195.84', 1);

-- --------------------------------------------------------

--
-- 表的结构 `le_share_img`
--

CREATE TABLE IF NOT EXISTS `le_share_img` (
  `id` int(11) NOT NULL AUTO_INCREMENT,
  `data` text NOT NULL,
  `source` varchar(200) NOT NULL,
  `uid` int(11) NOT NULL,
  `status` tinytext NOT NULL,
  `type` varchar(10) NOT NULL,
  PRIMARY KEY (`id`)
) ENGINE=MyISAM  DEFAULT CHARSET=utf8 AUTO_INCREMENT=438 ;

--
-- 转存表中的数据 `le_share_img`
--

INSERT INTO `le_share_img` (`id`, `data`, `source`, `uid`, `status`, `type`) VALUES
(72, 'a:1:{s:8:"filename";s:17:"51f8cb013fce7.jpg";}', '', 4, '1', ''),
(73, 'a:1:{s:8:"filename";s:17:"51f8cc3b9ec5a.jpg";}', '', 4, '1', ''),
(74, 'a:1:{s:8:"filename";s:17:"51f8cc4105bf0.jpg";}', '', 4, '-1', ''),
(75, 'a:1:{s:8:"filename";s:17:"51f8ef3d33fe2.jpg";}', '', 4, '1', ''),
(76, 'a:1:{s:8:"filename";s:17:"51f904aada61e.jpg";}', '', 7, '1', ''),
(77, 'a:1:{s:8:"filename";s:17:"51f90db6a4937.jpg";}', '', 7, '1', ''),
(78, 'a:1:{s:8:"filename";s:17:"51f90e4f0331f.jpg";}', '', 7, '1', ''),
(79, 'a:1:{s:8:"filename";s:17:"51f90eb58169f.jpg";}', '', 4, '1', ''),
(80, 'a:1:{s:8:"filename";s:17:"51f915da94b95.jpg";}', '', 4, '1', 'sucai'),
(81, 'a:1:{s:8:"filename";s:17:"51f916d333009.jpg";}', '', 4, '1', ''),
(82, 'a:1:{s:8:"filename";s:17:"51f9181c3faac.jpg";}', '', 4, '1', ''),
(83, 'a:1:{s:8:"filename";s:17:"51f918c833a2c.jpg";}', '', 4, '1', ''),
(84, 'a:1:{s:8:"filename";s:37:"7abcfbe50b229cb07d8a79343e30ca2e.jpeg";}', 'http://img1.hao123.com/data/3_34df0bbb322809696f47d2cb446588d0_430', 4, '1', ''),
(85, 'a:1:{s:8:"filename";s:37:"54159f8c5a1673fe82896e35f0a5eb72.jpeg";}', 'http://img6.hao123.com/data/3_0e310359b4cfc6c0bdec76230173b8f0_0', 4, '1', ''),
(86, 'a:1:{s:8:"filename";s:37:"a32d0c094f3365eb27f012dd73e155ea.jpeg";}', 'http://img5.hao123.com/data/3_6bfa2d5339b5c78f6ae274ea65ae451a_0', 4, '1', ''),
(87, 'a:1:{s:8:"filename";s:17:"51f91ce213300.jpg";}', '', 4, '1', ''),
(88, 'a:1:{s:8:"filename";s:17:"51f91d927b68a.jpg";}', '', 4, '1', ''),
(89, 'a:1:{s:8:"filename";s:17:"51f91e724eeaa.jpg";}', '', 4, '1', ''),
(90, 'a:1:{s:8:"filename";s:17:"51f91ee4922bc.jpg";}', '', 4, '1', ''),
(91, 'a:1:{s:8:"filename";s:37:"d5b59267a357cd7a1c13c33c962ea78d.jpeg";}', 'http://img2.hao123.com/data/3_0f77fc159066c1ac4ccdee7a1ef2c06b_430', 4, '1', ''),
(92, 'a:1:{s:8:"filename";s:37:"b6860987a24b8b8b67819047f70fefc8.jpeg";}', 'http://img0.hao123.com/data/3_68e2f7b3724687f3338cec2ef3c61732_430', 4, '1', ''),
(93, 'a:1:{s:8:"filename";s:17:"51f9242b5eb8f.jpg";}', '', 7, '1', ''),
(94, 'a:1:{s:8:"filename";s:37:"649440adc27566925c5c64fbbd252672.jpeg";}', 'http://b252.photo.store.qq.com/psb?/V10Dse5F3bdcM0/2I9kVDQurKaod1IoVkuXIhd7ovUZ6Nd8Ti5tP2yRl6M!/c/dIZUN5ZMJwAA', 4, '1', ''),
(95, 'a:1:{s:8:"filename";s:36:"cfe728adca40be529b120541f453ad61.gif";}', 'http://img0.hao123.com/data/3_43f96c402e75d6aed82a377e56b3ec8e_0', 4, '1', ''),
(96, 'a:1:{s:8:"filename";s:17:"51f936f41920e.jpg";}', '', 4, '1', ''),
(97, 'a:1:{s:8:"filename";s:37:"5882e4a6c118bb77d59cb9ce5f8fa795.jpeg";}', 'http://img1.hao123.com/data/3_1746d3d4a10afe54baea89331499bfbf_0', 8, '1', ''),
(98, 'a:2:{s:8:"filename";s:17:"51f9c007cdf83.jpg";s:3:"ext";s:3:"jpg";}', '', 9, '1', ''),
(99, 'a:2:{s:8:"filename";s:17:"51f9c490f2f00.jpg";s:3:"ext";s:3:"jpg";}', '', 9, '1', ''),
(100, 'a:2:{s:8:"filename";s:17:"51f9c6732d65d.jpg";s:3:"ext";s:3:"jpg";}', '', 9, '1', ''),
(101, 'a:2:{s:8:"filename";s:17:"51f9c792e0a89.jpg";s:3:"ext";s:3:"jpg";}', '', 9, '1', ''),
(102, 'a:2:{s:8:"filename";s:17:"51f9c9b0b88f5.jpg";s:3:"ext";s:3:"jpg";}', '', 9, '1', ''),
(103, 'a:2:{s:8:"filename";s:17:"51f9cc369d092.jpg";s:3:"ext";s:3:"jpg";}', '', 9, '1', ''),
(104, 'a:2:{s:8:"filename";s:17:"51f9cd900aad9.jpg";s:3:"ext";s:3:"jpg";}', '', 9, '1', ''),
(105, 'a:2:{s:8:"filename";s:17:"51f9ce2164332.jpg";s:3:"ext";s:3:"jpg";}', '', 9, '1', ''),
(106, 'a:2:{s:8:"filename";s:36:"7be025a6c999db08e21ff4ccadd88fd0.gif";s:3:"ext";s:3:"gif";}', 'http://img1.hao123.com/data/3_19c1393f14ed842a6e3cc6385ec4f47c_0', 9, '1', ''),
(107, 'a:2:{s:8:"filename";s:17:"51f9cf5ae3b51.jpg";s:3:"ext";s:3:"jpg";}', '', 9, '1', ''),
(108, 'a:2:{s:8:"filename";s:17:"51f9cfead5371.jpg";s:3:"ext";s:3:"jpg";}', '', 9, '1', ''),
(109, 'a:2:{s:8:"filename";s:17:"51f9d07bd13a2.jpg";s:3:"ext";s:3:"jpg";}', '', 9, '1', ''),
(110, 'a:2:{s:8:"filename";s:17:"51f9d645253af.jpg";s:3:"ext";s:3:"jpg";}', '', 9, '1', ''),
(111, 'a:2:{s:8:"filename";s:17:"51f9efc7aff6f.jpg";s:3:"ext";s:3:"jpg";}', '', 11, '1', ''),
(112, 'a:2:{s:8:"filename";s:17:"51f9f0b5595d9.jpg";s:3:"ext";s:3:"jpg";}', '', 11, '1', ''),
(113, 'a:2:{s:8:"filename";s:17:"51f9f2f54c7f9.jpg";s:3:"ext";s:3:"jpg";}', '', 4, '1', ''),
(114, 'a:2:{s:8:"filename";s:17:"51f9f588a8559.jpg";s:3:"ext";s:3:"jpg";}', '', 4, '-1', ''),
(115, 'a:2:{s:8:"filename";s:17:"51f9f5beb4531.jpg";s:3:"ext";s:3:"jpg";}', '', 4, '1', ''),
(116, 'a:2:{s:8:"filename";s:17:"51f9fc076a17d.jpg";s:3:"ext";s:3:"jpg";}', '', 9, '1', ''),
(117, 'a:1:{s:8:"filename";s:17:"51fa011b8c43f.jpg";}', '', 9, '1', 'sucai'),
(118, 'a:1:{s:8:"filename";s:17:"51fa0148e57d0.jpg";}', '', 9, '1', 'sucai'),
(119, 'a:1:{s:8:"filename";s:17:"51fa01784f4f7.jpg";}', '', 9, '1', 'sucai'),
(120, 'a:1:{s:8:"filename";s:17:"51fa01eaf2063.jpg";}', '', 9, '1', 'sucai'),
(121, 'a:1:{s:8:"filename";s:17:"51fa021ccd648.jpg";}', '', 9, '1', 'sucai'),
(122, 'a:1:{s:8:"filename";s:17:"51fa023964324.jpg";}', '', 9, '1', 'sucai'),
(123, 'a:1:{s:8:"filename";s:17:"51fa025fa30fb.jpg";}', '', 9, '1', 'sucai'),
(124, 'a:1:{s:8:"filename";s:17:"51fa0287acb85.jpg";}', '', 9, '1', 'sucai'),
(125, 'a:1:{s:8:"filename";s:17:"51fa02aab2ea2.jpg";}', '', 9, '1', 'sucai'),
(126, 'a:1:{s:8:"filename";s:17:"51fa02d17d163.jpg";}', '', 9, '1', 'sucai'),
(127, 'a:1:{s:8:"filename";s:17:"51fa031892074.jpg";}', '', 9, '1', 'sucai'),
(128, 'a:1:{s:8:"filename";s:17:"51fa036016ee0.jpg";}', '', 9, '1', 'sucai'),
(129, 'a:1:{s:8:"filename";s:17:"51fa03a08fe90.jpg";}', '', 9, '1', 'sucai'),
(130, 'a:1:{s:8:"filename";s:17:"51fa03c590c06.jpg";}', '', 9, '1', 'sucai'),
(131, 'a:1:{s:8:"filename";s:17:"51fa03ecd9649.jpg";}', '', 9, '1', 'sucai'),
(132, 'a:1:{s:8:"filename";s:17:"51fa0439295cc.jpg";}', '', 9, '1', 'sucai'),
(133, 'a:1:{s:8:"filename";s:17:"51fa047d39669.jpg";}', '', 9, '1', 'sucai'),
(134, 'a:1:{s:8:"filename";s:17:"51fa04ab57609.jpg";}', '', 9, '1', 'sucai'),
(135, 'a:1:{s:8:"filename";s:17:"51fa04d51e66f.jpg";}', '', 9, '1', 'sucai'),
(136, 'a:1:{s:8:"filename";s:17:"51fa05104ed1b.jpg";}', '', 9, '1', 'sucai'),
(137, 'a:1:{s:8:"filename";s:17:"51fa05a1758ef.jpg";}', '', 9, '1', 'sucai'),
(138, 'a:2:{s:8:"filename";s:17:"51fa088f300f2.jpg";s:3:"ext";s:3:"jpg";}', '', 9, '1', ''),
(139, 'a:2:{s:8:"filename";s:17:"51fa14e974769.jpg";s:3:"ext";s:3:"jpg";}', '', 4, '1', ''),
(140, 'a:2:{s:8:"filename";s:17:"51fa19796e87b.jpg";s:3:"ext";s:3:"jpg";}', '', 4, '1', ''),
(141, 'a:2:{s:8:"filename";s:17:"51fa5382ae80d.jpg";s:3:"ext";s:3:"jpg";}', '', 7, '1', ''),
(142, 'a:2:{s:8:"filename";s:17:"51fa54319938a.jpg";s:3:"ext";s:3:"jpg";}', '', 7, '1', ''),
(143, 'a:2:{s:8:"filename";s:17:"51fa5603d3063.jpg";s:3:"ext";s:3:"jpg";}', '', 7, '1', ''),
(144, 'a:2:{s:8:"filename";s:36:"383ad290765ce22312f156073fef6865.gif";s:3:"ext";s:3:"gif";}', 'http://img.hb.aicdn.com/e34bfac7f6e54524d03039fac4e3abb2a844ef9c24a416-OxLK5U_fw580', 7, '1', ''),
(145, 'a:2:{s:8:"filename";s:17:"51fb064d9e8e9.jpg";s:3:"ext";s:3:"jpg";}', '', 9, '1', ''),
(146, 'a:2:{s:8:"filename";s:17:"51fb0857b7901.jpg";s:3:"ext";s:3:"jpg";}', '', 9, '1', ''),
(147, 'a:2:{s:8:"filename";s:17:"51fb2d554e40b.jpg";s:3:"ext";s:3:"jpg";}', '', 4, '1', ''),
(148, 'a:2:{s:8:"filename";s:17:"51fb2e02832dc.jpg";s:3:"ext";s:3:"jpg";}', '', 4, '1', ''),
(149, 'a:2:{s:8:"filename";s:36:"5e812dec4036bc521e179141f4f67893.gif";s:3:"ext";s:3:"gif";}', 'http://img1.hao123.com/data/1_bcba50590e92322cfd120a12fb90862b_0', 9, '1', ''),
(150, 'a:2:{s:8:"filename";s:36:"cf4300087f5cd047fd54dfa7a0438221.gif";s:3:"ext";s:3:"gif";}', 'http://img.hao123.com/data/1_68f6c3ad869b0a4af74afcae27bf20af_0', 14, '1', ''),
(151, 'a:2:{s:8:"filename";s:17:"51fb46553f292.jpg";s:3:"ext";s:3:"jpg";}', '', 14, '1', ''),
(152, 'a:2:{s:8:"filename";s:17:"51fb49c8d4f59.jpg";s:3:"ext";s:3:"jpg";}', '', 4, '1', ''),
(153, 'a:2:{s:8:"filename";s:17:"51fb4a464cb49.jpg";s:3:"ext";s:3:"jpg";}', '', 4, '1', ''),
(154, 'a:2:{s:8:"filename";s:17:"51fb4a8b81201.jpg";s:3:"ext";s:3:"jpg";}', '', 4, '1', ''),
(155, 'a:2:{s:8:"filename";s:17:"51fb4b0da9ac4.jpg";s:3:"ext";s:3:"jpg";}', '', 4, '1', ''),
(156, 'a:2:{s:8:"filename";s:17:"51fb4bcb0d47f.jpg";s:3:"ext";s:3:"jpg";}', '', 4, '1', ''),
(157, 'a:2:{s:8:"filename";s:17:"51fb4c6344339.jpg";s:3:"ext";s:3:"jpg";}', '', 4, '1', ''),
(158, 'a:2:{s:8:"filename";s:17:"51fb4cb631b48.jpg";s:3:"ext";s:3:"jpg";}', '', 4, '1', ''),
(159, 'a:2:{s:8:"filename";s:17:"51fcada9608c4.jpg";s:3:"ext";s:3:"jpg";}', '', 4, '1', ''),
(160, 'a:2:{s:8:"filename";s:17:"51fcae1d89353.jpg";s:3:"ext";s:3:"jpg";}', '', 9, '1', ''),
(161, 'a:2:{s:8:"filename";s:17:"51fcae978b97d.jpg";s:3:"ext";s:3:"jpg";}', '', 9, '1', ''),
(162, 'a:2:{s:8:"filename";s:17:"51fcaf411a77a.jpg";s:3:"ext";s:3:"jpg";}', '', 9, '-1', ''),
(163, 'a:2:{s:8:"filename";s:17:"51fcaf5d3f5bf.jpg";s:3:"ext";s:3:"jpg";}', '', 9, '1', ''),
(164, 'a:2:{s:8:"filename";s:17:"51fcafb24607d.jpg";s:3:"ext";s:3:"jpg";}', '', 9, '1', ''),
(165, 'a:2:{s:8:"filename";s:17:"51fcb1004ce22.jpg";s:3:"ext";s:3:"jpg";}', '', 16, '1', ''),
(166, 'a:2:{s:8:"filename";s:36:"67c5c51c5a674e2f549907cc6fb8db93.gif";s:3:"ext";s:3:"gif";}', 'http://img.hao123.com/data/3_6b0965e8a0d5e8c4e29dc04cd3acced5_0', 16, '1', ''),
(167, 'a:2:{s:8:"filename";s:17:"51fcb2c9cef23.jpg";s:3:"ext";s:3:"jpg";}', '', 16, '1', ''),
(168, 'a:2:{s:8:"filename";s:17:"51fcb3d534473.jpg";s:3:"ext";s:3:"jpg";}', '', 16, '1', ''),
(169, 'a:2:{s:8:"filename";s:17:"51fcb40b2cbb7.jpg";s:3:"ext";s:3:"jpg";}', '', 16, '1', ''),
(170, 'a:2:{s:8:"filename";s:17:"51fcb445de0d5.jpg";s:3:"ext";s:3:"jpg";}', '', 16, '1', ''),
(171, 'a:2:{s:8:"filename";s:17:"51fcb4b5965de.jpg";s:3:"ext";s:3:"jpg";}', '', 16, '1', ''),
(172, 'a:2:{s:8:"filename";s:17:"51fcb54d3ef27.jpg";s:3:"ext";s:3:"jpg";}', '', 16, '1', ''),
(173, 'a:2:{s:8:"filename";s:17:"51fcb6ba7cc91.jpg";s:3:"ext";s:3:"jpg";}', '', 16, '1', ''),
(174, 'a:2:{s:8:"filename";s:17:"51fcdd0600d11.jpg";s:3:"ext";s:3:"jpg";}', '', 4, '1', ''),
(175, 'a:2:{s:8:"filename";s:17:"51fcddc423d59.jpg";s:3:"ext";s:3:"jpg";}', '', 4, '1', ''),
(176, 'a:2:{s:8:"filename";s:17:"51fd2840d334a.jpg";s:3:"ext";s:3:"jpg";}', '', 16, '1', ''),
(177, 'a:2:{s:8:"filename";s:17:"51fd29e60c97b.jpg";s:3:"ext";s:3:"jpg";}', '', 16, '1', ''),
(178, 'a:2:{s:8:"filename";s:17:"51fd2a5c1ba31.jpg";s:3:"ext";s:3:"jpg";}', '', 16, '1', ''),
(179, 'a:2:{s:8:"filename";s:17:"51fd2ad89d3ec.jpg";s:3:"ext";s:3:"jpg";}', '', 16, '1', ''),
(180, 'a:2:{s:8:"filename";s:17:"51fd2b2951991.jpg";s:3:"ext";s:3:"jpg";}', '', 16, '1', ''),
(181, 'a:2:{s:8:"filename";s:17:"51fd2c0c213a5.jpg";s:3:"ext";s:3:"jpg";}', '', 16, '1', ''),
(182, 'a:2:{s:8:"filename";s:17:"51fd2cf65218f.jpg";s:3:"ext";s:3:"jpg";}', '', 16, '1', ''),
(183, 'a:2:{s:8:"filename";s:17:"51fd2d9c92ac3.jpg";s:3:"ext";s:3:"jpg";}', '', 16, '1', ''),
(184, 'a:2:{s:8:"filename";s:17:"51fd2ecf1993a.jpg";s:3:"ext";s:3:"jpg";}', '', 16, '1', ''),
(185, 'a:2:{s:8:"filename";s:17:"51fd2f6ba1984.jpg";s:3:"ext";s:3:"jpg";}', '', 16, '1', ''),
(186, 'a:2:{s:8:"filename";s:17:"51fd305aeaae7.jpg";s:3:"ext";s:3:"jpg";}', '', 16, '1', ''),
(187, 'a:2:{s:8:"filename";s:17:"51fd30f539338.jpg";s:3:"ext";s:3:"jpg";}', '', 16, '1', ''),
(188, 'a:2:{s:8:"filename";s:36:"cdb8a044f1cca26c508267dd34ca0aff.gif";s:3:"ext";s:3:"gif";}', 'http://img4.hao123.com/data/3_a960e39dd2dd30a99f6e2a3c6bac269a_0', 4, '1', ''),
(189, 'a:2:{s:8:"filename";s:17:"51fd335d27a60.jpg";s:3:"ext";s:3:"jpg";}', '', 4, '1', ''),
(190, 'a:2:{s:8:"filename";s:17:"51fd564de8360.jpg";s:3:"ext";s:3:"jpg";}', '', 7, '1', ''),
(191, 'a:2:{s:8:"filename";s:17:"51fddc79d78de.jpg";s:3:"ext";s:3:"jpg";}', '', 4, '1', ''),
(192, 'a:2:{s:8:"filename";s:36:"6ec027265c2cc948a72f8a42f4d71bf9.gif";s:3:"ext";s:3:"gif";}', 'http://img2.hao123.com/data/3_4eff06cecdf7a9ff89194615756010db_0', 4, '1', ''),
(193, 'a:2:{s:8:"filename";s:17:"51fddd57db630.jpg";s:3:"ext";s:3:"jpg";}', '', 4, '1', ''),
(194, 'a:2:{s:8:"filename";s:17:"51fdde621117b.jpg";s:3:"ext";s:3:"jpg";}', '', 4, '1', ''),
(195, 'a:2:{s:8:"filename";s:17:"51fe75a85e635.jpg";s:3:"ext";s:3:"jpg";}', '', 4, '1', ''),
(196, 'a:2:{s:8:"filename";s:17:"51ff28fadc64b.jpg";s:3:"ext";s:3:"jpg";}', '', 4, '1', ''),
(197, 'a:2:{s:8:"filename";s:17:"51ff32e761b8f.jpg";s:3:"ext";s:3:"jpg";}', '', 4, '1', ''),
(198, 'a:2:{s:8:"filename";s:17:"51ff75bdcebd4.jpg";s:3:"ext";s:3:"jpg";}', '', 4, '1', ''),
(199, 'a:2:{s:8:"filename";s:17:"520468085ff85.jpg";s:3:"ext";s:3:"jpg";}', '', 4, '-1', ''),
(200, 'a:2:{s:8:"filename";s:17:"520a0e99ba42d.jpg";s:3:"ext";s:3:"jpg";}', '', 14, '-1', ''),
(201, 'a:2:{s:8:"filename";s:17:"520a103edc11b.jpg";s:3:"ext";s:3:"jpg";}', '', 14, '1', ''),
(202, 'a:2:{s:8:"filename";s:37:"2ca5a295d4e83f72cf577685fd893ecc.jpeg";s:3:"ext";s:4:"jpeg";}', 'http://img2.hao123.com/data/c7a9719c146181da7644d2270684762b_0', 14, '1', ''),
(203, 'a:2:{s:8:"filename";s:17:"520a21e9a4ba2.jpg";s:3:"ext";s:3:"jpg";}', '', 4, '1', ''),
(204, 'a:2:{s:8:"filename";s:17:"520a25337b35f.jpg";s:3:"ext";s:3:"jpg";}', '', 4, '1', ''),
(205, 'a:2:{s:8:"filename";s:17:"520a2697bb66e.jpg";s:3:"ext";s:3:"jpg";}', '', 14, '1', ''),
(206, 'a:2:{s:8:"filename";s:17:"520a27f09cf3f.jpg";s:3:"ext";s:3:"jpg";}', '', 14, '1', ''),
(207, 'a:2:{s:8:"filename";s:17:"520a2c6eed850.jpg";s:3:"ext";s:3:"jpg";}', '', 7, '1', ''),
(208, 'a:2:{s:8:"filename";s:17:"520a7217b8c7d.jpg";s:3:"ext";s:3:"jpg";}', '', 7, '1', ''),
(209, 'a:2:{s:8:"filename";s:17:"520a7371be86e.jpg";s:3:"ext";s:3:"jpg";}', '', 0, '1', ''),
(210, 'a:2:{s:8:"filename";s:17:"520b212007006.jpg";s:3:"ext";s:3:"jpg";}', '', 4, '1', ''),
(211, 'a:2:{s:8:"filename";s:17:"520b254b1b781.jpg";s:3:"ext";s:3:"jpg";}', '', 4, '1', ''),
(212, 'a:2:{s:8:"filename";s:17:"520b26b1ec381.jpg";s:3:"ext";s:3:"jpg";}', '', 4, '1', ''),
(213, 'a:2:{s:8:"filename";s:17:"520b3c2fbcd5f.jpg";s:3:"ext";s:3:"jpg";}', '', 0, '1', ''),
(214, 'a:2:{s:8:"filename";s:17:"520b4d6f0dcd5.jpg";s:3:"ext";s:3:"jpg";}', '', 4, '1', ''),
(215, 'a:2:{s:8:"filename";s:17:"520b7e5c52317.jpg";s:3:"ext";s:3:"jpg";}', '', 14, '1', ''),
(216, 'a:2:{s:8:"filename";s:17:"520b7ed4a4a4a.jpg";s:3:"ext";s:3:"jpg";}', '', 14, '1', ''),
(217, 'a:2:{s:8:"filename";s:37:"d38d5e017df1bba7ec327180bfbfe1f3.jpeg";s:3:"ext";s:4:"jpeg";}', 'http://img6.hao123.com/data/3_f20c482f75a96d62ec68e374dc02b48e_430', 14, '1', ''),
(218, 'a:2:{s:8:"filename";s:17:"520b825f7fa69.jpg";s:3:"ext";s:3:"jpg";}', '', 14, '1', ''),
(219, 'a:2:{s:8:"filename";s:17:"520b82dc76589.jpg";s:3:"ext";s:3:"jpg";}', '', 14, '1', ''),
(220, 'a:2:{s:8:"filename";s:17:"520b83a672a8f.jpg";s:3:"ext";s:3:"jpg";}', '', 14, '1', ''),
(221, 'a:2:{s:8:"filename";s:17:"520b8601c071d.jpg";s:3:"ext";s:3:"jpg";}', '', 14, '1', ''),
(222, 'a:2:{s:8:"filename";s:17:"520b871aaa2cd.jpg";s:3:"ext";s:3:"jpg";}', '', 14, '1', ''),
(223, 'a:2:{s:8:"filename";s:17:"520b8844056c9.jpg";s:3:"ext";s:3:"jpg";}', '', 14, '1', ''),
(224, 'a:2:{s:8:"filename";s:17:"520b892ce9f83.jpg";s:3:"ext";s:3:"jpg";}', '', 14, '1', ''),
(225, 'a:2:{s:8:"filename";s:17:"520b8afc47a50.jpg";s:3:"ext";s:3:"jpg";}', '', 14, '1', ''),
(226, 'a:2:{s:8:"filename";s:17:"520b8b33e1be0.jpg";s:3:"ext";s:3:"jpg";}', '', 14, '1', ''),
(227, 'a:2:{s:8:"filename";s:17:"520b8c2f0b57f.jpg";s:3:"ext";s:3:"jpg";}', '', 14, '1', ''),
(228, 'a:2:{s:8:"filename";s:17:"520b8ce228e2c.jpg";s:3:"ext";s:3:"jpg";}', '', 14, '1', ''),
(229, 'a:2:{s:8:"filename";s:17:"520cfa9be2527.jpg";s:3:"ext";s:3:"jpg";}', '', 7, '1', ''),
(230, 'a:2:{s:8:"filename";s:17:"520d9fc90a738.jpg";s:3:"ext";s:3:"jpg";}', '', 16, '1', ''),
(231, 'a:2:{s:8:"filename";s:17:"520da093c7668.jpg";s:3:"ext";s:3:"jpg";}', '', 16, '1', ''),
(232, 'a:2:{s:8:"filename";s:17:"520da2a0bb14f.gif";s:3:"ext";s:3:"gif";}', '', 0, '-1', ''),
(233, 'a:2:{s:8:"filename";s:17:"520da2c39ca71.gif";s:3:"ext";s:3:"gif";}', '', 0, '-1', ''),
(234, 'a:2:{s:8:"filename";s:36:"52caf15656172f3fce73e113361b40ce.gif";s:3:"ext";s:3:"gif";}', 'http://ww1.sinaimg.cn/bmiddle/61e8a1fdgw1e7obf3jwr6g208c069wj3.gif', 16, '1', ''),
(235, 'a:2:{s:8:"filename";s:17:"5211d96d25776.jpg";s:3:"ext";s:3:"jpg";}', '', 16, '1', ''),
(236, 'a:2:{s:8:"filename";s:17:"5211dab424705.jpg";s:3:"ext";s:3:"jpg";}', '', 16, '1', ''),
(237, 'a:2:{s:8:"filename";s:17:"5211dbc06b9b4.jpg";s:3:"ext";s:3:"jpg";}', '', 16, '1', ''),
(238, 'a:2:{s:8:"filename";s:17:"5212356fc0830.jpg";s:3:"ext";s:3:"jpg";}', '', 7, '1', ''),
(239, 'a:2:{s:8:"filename";s:17:"5212361d9a9e4.jpg";s:3:"ext";s:3:"jpg";}', '', 7, '1', ''),
(240, 'a:2:{s:8:"filename";s:17:"52123740580fc.jpg";s:3:"ext";s:3:"jpg";}', '', 14, '1', ''),
(241, 'a:2:{s:8:"filename";s:17:"521237d57d217.jpg";s:3:"ext";s:3:"jpg";}', '', 14, '1', ''),
(242, 'a:2:{s:8:"filename";s:17:"52132152422af.jpg";s:3:"ext";s:3:"jpg";}', '', 4, '1', ''),
(243, 'a:2:{s:8:"filename";s:17:"521321f9c2af4.jpg";s:3:"ext";s:3:"jpg";}', '', 4, '1', ''),
(244, 'a:2:{s:8:"filename";s:17:"5213225484713.jpg";s:3:"ext";s:3:"jpg";}', '', 4, '1', ''),
(245, 'a:2:{s:8:"filename";s:17:"52132663a783f.jpg";s:3:"ext";s:3:"jpg";}', '', 4, '1', ''),
(246, 'a:2:{s:8:"filename";s:17:"5213286fc00da.jpg";s:3:"ext";s:3:"jpg";}', '', 4, '1', ''),
(247, 'a:2:{s:8:"filename";s:17:"5213295b3762a.jpg";s:3:"ext";s:3:"jpg";}', '', 4, '1', ''),
(248, 'a:2:{s:8:"filename";s:17:"52132a1eabec3.jpg";s:3:"ext";s:3:"jpg";}', '', 4, '1', ''),
(249, 'a:2:{s:8:"filename";s:17:"52132aa37aa6f.jpg";s:3:"ext";s:3:"jpg";}', '', 4, '1', ''),
(250, 'a:2:{s:8:"filename";s:17:"52132be4d5db9.jpg";s:3:"ext";s:3:"jpg";}', '', 4, '1', ''),
(251, 'a:2:{s:8:"filename";s:17:"52132cdf67769.jpg";s:3:"ext";s:3:"jpg";}', '', 14, '1', ''),
(252, 'a:2:{s:8:"filename";s:17:"52132d452a6b7.jpg";s:3:"ext";s:3:"jpg";}', '', 14, '1', ''),
(253, 'a:2:{s:8:"filename";s:17:"52132e1614fa1.jpg";s:3:"ext";s:3:"jpg";}', '', 14, '1', ''),
(254, 'a:2:{s:8:"filename";s:17:"52132e65a3ad8.jpg";s:3:"ext";s:3:"jpg";}', '', 14, '1', ''),
(255, 'a:2:{s:8:"filename";s:17:"52133205043ad.jpg";s:3:"ext";s:3:"jpg";}', '', 14, '1', ''),
(256, 'a:2:{s:8:"filename";s:17:"521332593fa07.jpg";s:3:"ext";s:3:"jpg";}', '', 14, '1', ''),
(257, 'a:2:{s:8:"filename";s:36:"2c029860eecf0a0cae3a98c083de11c3.gif";s:3:"ext";s:3:"gif";}', 'http://img4.hao123.com/data/3_91bdfbfa2120203c9a6e696b75bd7bcd_0', 14, '1', ''),
(258, 'a:2:{s:8:"filename";s:17:"521333f36098e.jpg";s:3:"ext";s:3:"jpg";}', '', 14, '1', ''),
(259, 'a:2:{s:8:"filename";s:17:"521335c71d0bb.jpg";s:3:"ext";s:3:"jpg";}', '', 29, '1', ''),
(260, 'a:2:{s:8:"filename";s:17:"5213361dc8866.jpg";s:3:"ext";s:3:"jpg";}', '', 29, '1', ''),
(261, 'a:2:{s:8:"filename";s:17:"521337921ba30.jpg";s:3:"ext";s:3:"jpg";}', '', 30, '1', ''),
(262, 'a:2:{s:8:"filename";s:17:"521338afc60be.jpg";s:3:"ext";s:3:"jpg";}', '', 0, '1', ''),
(263, 'a:2:{s:8:"filename";s:17:"5214111737c1e.jpg";s:3:"ext";s:3:"jpg";}', '', 30, '1', ''),
(264, 'a:2:{s:8:"filename";s:17:"521411ade264b.jpg";s:3:"ext";s:3:"jpg";}', '', 30, '1', ''),
(265, 'a:2:{s:8:"filename";s:17:"521424c74f7d5.jpg";s:3:"ext";s:3:"jpg";}', '', 30, '1', ''),
(266, 'a:2:{s:8:"filename";s:17:"52144a2324209.jpg";s:3:"ext";s:3:"jpg";}', '', 10, '1', ''),
(267, 'a:2:{s:8:"filename";s:17:"5214581f27c30.jpg";s:3:"ext";s:3:"jpg";}', '', 4, '1', ''),
(268, 'a:2:{s:8:"filename";s:17:"52145d61570b8.jpg";s:3:"ext";s:3:"jpg";}', '', 30, '1', ''),
(269, 'a:2:{s:8:"filename";s:17:"52145dd24458b.jpg";s:3:"ext";s:3:"jpg";}', '', 30, '1', ''),
(270, 'a:2:{s:8:"filename";s:17:"52145e6e2de94.jpg";s:3:"ext";s:3:"jpg";}', '', 30, '1', ''),
(271, 'a:2:{s:8:"filename";s:17:"52145f2e9de38.jpg";s:3:"ext";s:3:"jpg";}', '', 30, '1', ''),
(272, 'a:2:{s:8:"filename";s:17:"521466378a150.jpg";s:3:"ext";s:3:"jpg";}', '', 30, '1', ''),
(273, 'a:2:{s:8:"filename";s:17:"5214669237353.jpg";s:3:"ext";s:3:"jpg";}', '', 30, '1', ''),
(274, 'a:2:{s:8:"filename";s:17:"52146a31de072.png";s:3:"ext";s:3:"png";}', '', 0, '1', ''),
(275, 'a:2:{s:8:"filename";s:17:"52147d88a1210.jpg";s:3:"ext";s:3:"jpg";}', '', 0, '1', ''),
(276, 'a:2:{s:8:"filename";s:17:"5214865437316.jpg";s:3:"ext";s:3:"jpg";}', '', 4, '1', ''),
(277, 'a:2:{s:8:"filename";s:17:"52148800f41b0.jpg";s:3:"ext";s:3:"jpg";}', '', 0, '-1', ''),
(278, 'a:2:{s:8:"filename";s:17:"5214b818a47b7.jpg";s:3:"ext";s:3:"jpg";}', '', 4, '1', ''),
(279, 'a:2:{s:8:"filename";s:17:"5214b8fb931e3.jpg";s:3:"ext";s:3:"jpg";}', '', 4, '1', ''),
(280, 'a:2:{s:8:"filename";s:17:"5214b97854d56.jpg";s:3:"ext";s:3:"jpg";}', '', 4, '1', ''),
(281, 'a:2:{s:8:"filename";s:17:"5214bb043d459.jpg";s:3:"ext";s:3:"jpg";}', '', 4, '1', ''),
(282, 'a:2:{s:8:"filename";s:17:"5214bc47cdb8b.jpg";s:3:"ext";s:3:"jpg";}', '', 4, '1', ''),
(283, 'a:2:{s:8:"filename";s:17:"5214bc7be27b1.jpg";s:3:"ext";s:3:"jpg";}', '', 4, '1', ''),
(284, 'a:2:{s:8:"filename";s:17:"5214bcec24643.jpg";s:3:"ext";s:3:"jpg";}', '', 4, '1', ''),
(285, 'a:2:{s:8:"filename";s:17:"5214bd4789d9a.jpg";s:3:"ext";s:3:"jpg";}', '', 4, '1', ''),
(286, 'a:2:{s:8:"filename";s:17:"5214bdb4ee041.jpg";s:3:"ext";s:3:"jpg";}', '', 4, '1', ''),
(287, 'a:2:{s:8:"filename";s:17:"5214be68a96c4.jpg";s:3:"ext";s:3:"jpg";}', '', 4, '1', ''),
(288, 'a:2:{s:8:"filename";s:17:"5214bf3a7ff84.jpg";s:3:"ext";s:3:"jpg";}', '', 4, '1', ''),
(289, 'a:2:{s:8:"filename";s:17:"5214bfb5a3d0a.jpg";s:3:"ext";s:3:"jpg";}', '', 4, '1', ''),
(290, 'a:2:{s:8:"filename";s:17:"5214c047aef96.jpg";s:3:"ext";s:3:"jpg";}', '', 4, '1', ''),
(291, 'a:2:{s:8:"filename";s:36:"13b348be91385f008b7e547e0a0bbe26.gif";s:3:"ext";s:3:"gif";}', 'http://www.guaixun.com/uploads/allimg/130717/10_130717093422_1.gif', 4, '1', ''),
(292, 'a:2:{s:8:"filename";s:17:"5214c1b8a3f4c.jpg";s:3:"ext";s:3:"jpg";}', '', 4, '1', ''),
(293, 'a:2:{s:8:"filename";s:17:"5214c207d933e.jpg";s:3:"ext";s:3:"jpg";}', '', 4, '1', ''),
(294, 'a:2:{s:8:"filename";s:17:"5214c299204f4.jpg";s:3:"ext";s:3:"jpg";}', '', 9, '1', ''),
(295, 'a:2:{s:8:"filename";s:17:"5214c3284e1bf.jpg";s:3:"ext";s:3:"jpg";}', '', 9, '1', ''),
(296, 'a:2:{s:8:"filename";s:17:"5214c4e14a05f.jpg";s:3:"ext";s:3:"jpg";}', '', 9, '1', ''),
(297, 'a:2:{s:8:"filename";s:17:"5214c5a80fdca.jpg";s:3:"ext";s:3:"jpg";}', '', 9, '1', ''),
(298, 'a:2:{s:8:"filename";s:17:"5214c6527ede3.jpg";s:3:"ext";s:3:"jpg";}', '', 9, '1', ''),
(299, 'a:2:{s:8:"filename";s:17:"5214c758ad8f3.jpg";s:3:"ext";s:3:"jpg";}', '', 16, '1', ''),
(300, 'a:2:{s:8:"filename";s:17:"5214c7ce9e162.jpg";s:3:"ext";s:3:"jpg";}', '', 16, '1', ''),
(301, 'a:2:{s:8:"filename";s:17:"5214c85e35fcf.jpg";s:3:"ext";s:3:"jpg";}', '', 16, '1', ''),
(302, 'a:2:{s:8:"filename";s:17:"5214c8f689b7c.jpg";s:3:"ext";s:3:"jpg";}', '', 16, '1', ''),
(303, 'a:2:{s:8:"filename";s:17:"5214cb036b553.jpg";s:3:"ext";s:3:"jpg";}', '', 4, '1', ''),
(304, 'a:2:{s:8:"filename";s:17:"5214cbb743da9.jpg";s:3:"ext";s:3:"jpg";}', '', 4, '1', ''),
(305, 'a:2:{s:8:"filename";s:17:"521590a6084ab.jpg";s:3:"ext";s:3:"jpg";}', '', 16, '1', ''),
(306, 'a:2:{s:8:"filename";s:17:"521591289a8f2.jpg";s:3:"ext";s:3:"jpg";}', '', 16, '1', ''),
(307, 'a:2:{s:8:"filename";s:17:"52189c24c82c5.jpg";s:3:"ext";s:3:"jpg";}', '', 35, '1', ''),
(308, 'a:2:{s:8:"filename";s:17:"521b62f18639c.jpg";s:3:"ext";s:3:"jpg";}', '', 4, '1', ''),
(309, 'a:2:{s:8:"filename";s:17:"521b6346c02b0.jpg";s:3:"ext";s:3:"jpg";}', '', 4, '1', ''),
(310, 'a:2:{s:8:"filename";s:17:"521b640dca206.jpg";s:3:"ext";s:3:"jpg";}', '', 4, '1', ''),
(311, 'a:2:{s:8:"filename";s:17:"521b65776ab41.jpg";s:3:"ext";s:3:"jpg";}', '', 4, '1', ''),
(312, 'a:2:{s:8:"filename";s:36:"9f639a2368451ccfba3b5a71444de9ff.gif";s:3:"ext";s:3:"gif";}', 'http://image.haha.mx/2013/08/15/middle/940737_aea20cdf6b97989f9345480eb4fe8b49_1376532950.gif', 4, '1', ''),
(313, 'a:2:{s:8:"filename";s:17:"521bf6f51f035.jpg";s:3:"ext";s:3:"jpg";}', '', 30, '1', ''),
(314, 'a:2:{s:8:"filename";s:17:"521c967c2e1b4.jpg";s:3:"ext";s:3:"jpg";}', '', 9, '1', ''),
(315, 'a:2:{s:8:"filename";s:17:"521c96de5f6af.jpg";s:3:"ext";s:3:"jpg";}', '', 9, '1', ''),
(316, 'a:2:{s:8:"filename";s:17:"521c974f56750.jpg";s:3:"ext";s:3:"jpg";}', '', 9, '1', ''),
(317, 'a:2:{s:8:"filename";s:17:"521c97e383535.jpg";s:3:"ext";s:3:"jpg";}', '', 7, '1', ''),
(318, 'a:2:{s:8:"filename";s:37:"c88e28eaeabad848aeab0a9f4e6784df.jpeg";s:3:"ext";s:4:"jpeg";}', 'http://img.hao123.com/data/157b02c1d67a4bce978a9f9d9202cc43_0', 7, '1', ''),
(319, 'a:2:{s:8:"filename";s:17:"521c98cd8fd17.jpg";s:3:"ext";s:3:"jpg";}', '', 7, '1', ''),
(320, 'a:2:{s:8:"filename";s:17:"521c99c95629f.jpg";s:3:"ext";s:3:"jpg";}', '', 7, '1', ''),
(321, 'a:2:{s:8:"filename";s:17:"521c9a2357c1a.jpg";s:3:"ext";s:3:"jpg";}', '', 7, '1', ''),
(322, 'a:2:{s:8:"filename";s:17:"521d49a0dd0e2.jpg";s:3:"ext";s:3:"jpg";}', '', 29, '1', ''),
(323, 'a:2:{s:8:"filename";s:17:"521d4a474a353.jpg";s:3:"ext";s:3:"jpg";}', '', 29, '1', ''),
(324, 'a:2:{s:8:"filename";s:17:"521d4ace586ff.jpg";s:3:"ext";s:3:"jpg";}', '', 0, '1', ''),
(325, 'a:2:{s:8:"filename";s:17:"521d4ba031abd.jpg";s:3:"ext";s:3:"jpg";}', '', 29, '1', ''),
(326, 'a:2:{s:8:"filename";s:17:"521d4c957b4d8.jpg";s:3:"ext";s:3:"jpg";}', '', 29, '1', ''),
(327, 'a:2:{s:8:"filename";s:17:"521d4d4ee1ec1.jpg";s:3:"ext";s:3:"jpg";}', '', 29, '1', ''),
(328, 'a:2:{s:8:"filename";s:17:"521d4e121ccaf.jpg";s:3:"ext";s:3:"jpg";}', '', 29, '1', ''),
(329, 'a:2:{s:8:"filename";s:17:"521e983d0061a.jpg";s:3:"ext";s:3:"jpg";}', '', 4, '1', ''),
(330, 'a:2:{s:8:"filename";s:17:"521ec74f893a4.jpg";s:3:"ext";s:3:"jpg";}', '', 30, '1', ''),
(331, 'a:2:{s:8:"filename";s:17:"521ec790b2dda.jpg";s:3:"ext";s:3:"jpg";}', '', 30, '1', ''),
(332, 'a:2:{s:8:"filename";s:17:"521ec90bd966c.jpg";s:3:"ext";s:3:"jpg";}', '', 30, '1', ''),
(333, 'a:2:{s:8:"filename";s:36:"97bf113e7566805a18d51061b874e681.jpg";s:3:"ext";s:3:"jpg";}', 'http://i1.kl688.com/kl688File/2013-8/2013082814162451554.jpg', 25, '1', ''),
(334, 'a:2:{s:8:"filename";s:17:"521f167e0e120.jpg";s:3:"ext";s:3:"jpg";}', '', 0, '1', ''),
(335, 'a:2:{s:8:"filename";s:17:"5221b2c1aed27.jpg";s:3:"ext";s:3:"jpg";}', '', 26, '1', ''),
(336, 'a:2:{s:8:"filename";s:17:"5222bf9f98efb.jpg";s:3:"ext";s:3:"jpg";}', '', 23, '1', ''),
(337, 'a:2:{s:8:"filename";s:17:"5222c00707af1.jpg";s:3:"ext";s:3:"jpg";}', '', 23, '1', ''),
(338, 'a:2:{s:8:"filename";s:17:"5222c0cde9761.jpg";s:3:"ext";s:3:"jpg";}', '', 23, '1', ''),
(339, 'a:2:{s:8:"filename";s:17:"5222ca664317d.jpg";s:3:"ext";s:3:"jpg";}', '', 4, '1', ''),
(340, 'a:2:{s:8:"filename";s:17:"5223146fd8fd5.jpg";s:3:"ext";s:3:"jpg";}', '', 23, '1', ''),
(341, 'a:2:{s:8:"filename";s:17:"522314a2a7610.jpg";s:3:"ext";s:3:"jpg";}', '', 23, '1', ''),
(342, 'a:2:{s:8:"filename";s:17:"522314cc82b74.jpg";s:3:"ext";s:3:"jpg";}', '', 23, '1', ''),
(343, 'a:2:{s:8:"filename";s:17:"52231519d7aed.jpg";s:3:"ext";s:3:"jpg";}', '', 23, '1', ''),
(344, 'a:2:{s:8:"filename";s:17:"5223158a2f524.jpg";s:3:"ext";s:3:"jpg";}', '', 23, '1', ''),
(345, 'a:2:{s:8:"filename";s:17:"522315e790e4f.jpg";s:3:"ext";s:3:"jpg";}', '', 23, '1', ''),
(346, 'a:2:{s:8:"filename";s:17:"5223163698f8e.jpg";s:3:"ext";s:3:"jpg";}', '', 23, '1', ''),
(347, 'a:2:{s:8:"filename";s:17:"522316a527c4f.jpg";s:3:"ext";s:3:"jpg";}', '', 23, '1', ''),
(348, 'a:2:{s:8:"filename";s:17:"52231749df79b.jpg";s:3:"ext";s:3:"jpg";}', '', 23, '1', ''),
(349, 'a:2:{s:8:"filename";s:17:"5223edf6b26a2.jpg";s:3:"ext";s:3:"jpg";}', '', 23, '1', ''),
(350, 'a:2:{s:8:"filename";s:17:"5223ee5606f69.jpg";s:3:"ext";s:3:"jpg";}', '', 23, '1', ''),
(351, 'a:2:{s:8:"filename";s:17:"5224aa2363c59.jpg";s:3:"ext";s:3:"jpg";}', '', 4, '1', ''),
(352, 'a:2:{s:8:"filename";s:17:"5224ab0218044.jpg";s:3:"ext";s:3:"jpg";}', '', 0, '1', ''),
(353, 'a:2:{s:8:"filename";s:17:"5224ab4fe3e2d.jpg";s:3:"ext";s:3:"jpg";}', '', 4, '1', ''),
(354, 'a:2:{s:8:"filename";s:17:"5224abdbe6331.jpg";s:3:"ext";s:3:"jpg";}', '', 4, '1', ''),
(355, 'a:2:{s:8:"filename";s:17:"5224ac322ef09.jpg";s:3:"ext";s:3:"jpg";}', '', 4, '1', ''),
(356, 'a:2:{s:8:"filename";s:17:"5224ac68a7169.jpg";s:3:"ext";s:3:"jpg";}', '', 0, '1', ''),
(357, 'a:2:{s:8:"filename";s:17:"5224acbb3d306.jpg";s:3:"ext";s:3:"jpg";}', '', 4, '1', ''),
(358, 'a:2:{s:8:"filename";s:17:"5224ad314a85f.jpg";s:3:"ext";s:3:"jpg";}', '', 4, '1', ''),
(359, 'a:2:{s:8:"filename";s:17:"5224ad99e97b0.jpg";s:3:"ext";s:3:"jpg";}', '', 4, '1', ''),
(360, 'a:2:{s:8:"filename";s:17:"5224ae52cb44a.jpg";s:3:"ext";s:3:"jpg";}', '', 4, '1', ''),
(361, 'a:2:{s:8:"filename";s:17:"5224aeab6e9b3.jpg";s:3:"ext";s:3:"jpg";}', '', 4, '1', ''),
(362, 'a:2:{s:8:"filename";s:17:"5224af194a6b4.jpg";s:3:"ext";s:3:"jpg";}', '', 42, '1', ''),
(363, 'a:2:{s:8:"filename";s:17:"5224afe6de994.jpg";s:3:"ext";s:3:"jpg";}', '', 42, '1', ''),
(364, 'a:2:{s:8:"filename";s:17:"5224b037a2d54.jpg";s:3:"ext";s:3:"jpg";}', '', 42, '1', ''),
(365, 'a:2:{s:8:"filename";s:17:"5224b0e943990.jpg";s:3:"ext";s:3:"jpg";}', '', 0, '1', ''),
(366, 'a:2:{s:8:"filename";s:17:"5224ba611b462.jpg";s:3:"ext";s:3:"jpg";}', '', 23, '1', ''),
(367, 'a:2:{s:8:"filename";s:17:"5224baafa579c.jpg";s:3:"ext";s:3:"jpg";}', '', 23, '1', ''),
(368, 'a:2:{s:8:"filename";s:17:"5224bae8db7cf.jpg";s:3:"ext";s:3:"jpg";}', '', 23, '1', ''),
(369, 'a:2:{s:8:"filename";s:17:"52253e4c5f35b.jpg";s:3:"ext";s:3:"jpg";}', '', 30, '1', ''),
(370, 'a:2:{s:8:"filename";s:17:"52253e9857e0b.jpg";s:3:"ext";s:3:"jpg";}', '', 30, '1', ''),
(371, 'a:2:{s:8:"filename";s:17:"52253f364bb6e.jpg";s:3:"ext";s:3:"jpg";}', '', 30, '1', ''),
(372, 'a:2:{s:8:"filename";s:17:"52253fe4254d3.jpg";s:3:"ext";s:3:"jpg";}', '', 30, '1', ''),
(373, 'a:2:{s:8:"filename";s:17:"52254026e1b4c.jpg";s:3:"ext";s:3:"jpg";}', '', 0, '1', ''),
(374, 'a:2:{s:8:"filename";s:17:"5225417167e04.jpg";s:3:"ext";s:3:"jpg";}', '', 0, '1', ''),
(375, 'a:2:{s:8:"filename";s:37:"e9b7144c2ac3d9117be7690ce2f9a13e.jpeg";s:3:"ext";s:4:"jpeg";}', 'http://img5.hao123.com/data/1_a1dd6c6ee18ae18bc0a2fff2b18739b1_0', 4, '1', ''),
(376, 'a:2:{s:8:"filename";s:17:"5226098a6fd0b.gif";s:3:"ext";s:3:"gif";}', '', 0, '-1', ''),
(377, 'a:2:{s:8:"filename";s:36:"d734f3cd91adb985da88ab4dfbaadba9.gif";s:3:"ext";s:3:"gif";}', 'http://b167.photo.store.qq.com/psb?/V122Ux6F4Nod8U/MAEw188i1SEePZtOYMF07hNXgBX31ZLy44EB77llFH0!/b/dPx3lmO3AgAA&amp;amp;bo=.gBzAPoAcwACACQ!', 4, '1', ''),
(378, 'a:2:{s:8:"filename";s:17:"5227fe5fc5c5e.jpg";s:3:"ext";s:3:"jpg";}', '', 16, '1', ''),
(379, 'a:2:{s:8:"filename";s:17:"5227ffd33afc6.jpg";s:3:"ext";s:3:"jpg";}', '', 0, '1', ''),
(380, 'a:2:{s:8:"filename";s:17:"52280144251e3.jpg";s:3:"ext";s:3:"jpg";}', '', 0, '1', ''),
(381, 'a:2:{s:8:"filename";s:17:"522801f49239e.jpg";s:3:"ext";s:3:"jpg";}', '', 0, '1', ''),
(382, 'a:2:{s:8:"filename";s:17:"522802c7d4362.jpg";s:3:"ext";s:3:"jpg";}', '', 0, '1', ''),
(383, 'a:2:{s:8:"filename";s:17:"522824125bff5.jpg";s:3:"ext";s:3:"jpg";}', '', 4, '1', ''),
(384, 'a:2:{s:8:"filename";s:17:"5228250277aec.jpg";s:3:"ext";s:3:"jpg";}', '', 4, '1', ''),
(385, 'a:2:{s:8:"filename";s:17:"52282503a45f5.jpg";s:3:"ext";s:3:"jpg";}', '', 4, '-1', ''),
(386, 'a:2:{s:8:"filename";s:17:"52282838e9c81.png";s:3:"ext";s:3:"png";}', '', 0, '1', ''),
(387, 'a:2:{s:8:"filename";s:17:"52282973a7b1f.jpg";s:3:"ext";s:3:"jpg";}', '', 4, '1', ''),
(388, 'a:2:{s:8:"filename";s:17:"5228297b1d954.jpg";s:3:"ext";s:3:"jpg";}', '', 4, '-1', ''),
(389, 'a:2:{s:8:"filename";s:17:"52282a54dec69.jpg";s:3:"ext";s:3:"jpg";}', '', 0, '1', ''),
(390, 'a:2:{s:8:"filename";s:17:"522832740c498.jpg";s:3:"ext";s:3:"jpg";}', '', 0, '1', ''),
(391, 'a:2:{s:8:"filename";s:17:"5228375994dc5.jpg";s:3:"ext";s:3:"jpg";}', '', 0, '1', ''),
(392, 'a:2:{s:8:"filename";s:17:"522838034722b.jpg";s:3:"ext";s:3:"jpg";}', '', 23, '1', ''),
(393, 'a:2:{s:8:"filename";s:17:"5228380787245.jpg";s:3:"ext";s:3:"jpg";}', '', 23, '-1', ''),
(394, 'a:2:{s:8:"filename";s:17:"522838c1ab96a.jpg";s:3:"ext";s:3:"jpg";}', '', 23, '1', ''),
(395, 'a:2:{s:8:"filename";s:17:"522839bf4b60f.jpg";s:3:"ext";s:3:"jpg";}', '', 26, '1', ''),
(396, 'a:2:{s:8:"filename";s:17:"52283abc4b1bd.jpg";s:3:"ext";s:3:"jpg";}', '', 26, '-1', ''),
(397, 'a:2:{s:8:"filename";s:17:"5228470e2f7ac.jpg";s:3:"ext";s:3:"jpg";}', '', 29, '1', ''),
(398, 'a:2:{s:8:"filename";s:17:"52284788cd637.jpg";s:3:"ext";s:3:"jpg";}', '', 0, '1', ''),
(399, 'a:2:{s:8:"filename";s:17:"52284803b75ee.jpg";s:3:"ext";s:3:"jpg";}', '', 29, '1', ''),
(400, 'a:2:{s:8:"filename";s:36:"3225d4328995859e979ee8945754fd3a.gif";s:3:"ext";s:3:"gif";}', 'http://img2.hao123.com/data/1_75618a43934e30ec54f1bfd7c7be6c44_0', 29, '1', ''),
(401, 'a:2:{s:8:"filename";s:36:"c1494a273c759c42e0b1e8ec7ca5b99d.gif";s:3:"ext";s:3:"gif";}', 'http://img6.hao123.com/data/1_381e93aae636f4e19e5ba2e68c6d5c33_0', 29, '1', ''),
(402, 'a:2:{s:8:"filename";s:37:"04468831ab4da37fa1771dde1195b41e.jpeg";s:3:"ext";s:4:"jpeg";}', 'http://img4.hao123.com/data/1_627eccd7edfe143262e1fd5338dfbf12_0', 29, '1', ''),
(403, 'a:2:{s:8:"filename";s:37:"db5766373c9759112c6a8175655810bd.jpeg";s:3:"ext";s:4:"jpeg";}', 'http://img5.hao123.com/data/1_17884206ebf298f10517c640a9129888_0', 29, '1', ''),
(404, 'a:2:{s:8:"filename";s:17:"52284b0a9d920.jpg";s:3:"ext";s:3:"jpg";}', '', 29, '1', ''),
(405, 'a:2:{s:8:"filename";s:37:"78c7e1c99535e4160e87662406badc65.jpeg";s:3:"ext";s:4:"jpeg";}', 'http://img0.hao123.com/data/1_12e19baac86e2d010074376acfc8d3ae_510', 29, '1', ''),
(406, 'a:2:{s:8:"filename";s:17:"52284ca45be77.jpg";s:3:"ext";s:3:"jpg";}', '', 29, '1', ''),
(407, 'a:2:{s:8:"filename";s:17:"52286bb4668a9.jpg";s:3:"ext";s:3:"jpg";}', '', 4, '1', ''),
(408, 'a:2:{s:8:"filename";s:17:"52286bf5f1af5.jpg";s:3:"ext";s:3:"jpg";}', '', 4, '1', ''),
(409, 'a:2:{s:8:"filename";s:17:"52286c63817fe.jpg";s:3:"ext";s:3:"jpg";}', '', 4, '1', ''),
(410, 'a:2:{s:8:"filename";s:17:"52286cd6b2b1d.jpg";s:3:"ext";s:3:"jpg";}', '', 4, '1', ''),
(411, 'a:2:{s:8:"filename";s:17:"52286d661c74b.jpg";s:3:"ext";s:3:"jpg";}', '', 4, '1', ''),
(412, 'a:2:{s:8:"filename";s:17:"52286dfb2533c.jpg";s:3:"ext";s:3:"jpg";}', '', 4, '1', ''),
(413, 'a:2:{s:8:"filename";s:36:"6a726121660f3d6fcf74bc8e5aa19622.gif";s:3:"ext";s:3:"gif";}', 'http://img.hao123.com/data/3_a9d7180977ae2d1488665a0ff422ed33_0', 4, '1', ''),
(414, 'a:2:{s:8:"filename";s:17:"52286f12734fa.jpg";s:3:"ext";s:3:"jpg";}', '', 4, '1', ''),
(415, 'a:2:{s:8:"filename";s:17:"52286f9ccb36f.jpg";s:3:"ext";s:3:"jpg";}', '', 4, '1', ''),
(416, 'a:2:{s:8:"filename";s:17:"522870072c294.jpg";s:3:"ext";s:3:"jpg";}', '', 4, '1', ''),
(417, 'a:2:{s:8:"filename";s:17:"52287099b359a.jpg";s:3:"ext";s:3:"jpg";}', '', 4, '1', ''),
(418, 'a:2:{s:8:"filename";s:17:"5228715ec614c.jpg";s:3:"ext";s:3:"jpg";}', '', 4, '1', ''),
(419, 'a:2:{s:8:"filename";s:17:"522871fc79b48.jpg";s:3:"ext";s:3:"jpg";}', '', 4, '1', ''),
(420, 'a:2:{s:8:"filename";s:17:"522872b3cfaf2.jpg";s:3:"ext";s:3:"jpg";}', '', 4, '1', ''),
(421, 'a:2:{s:8:"filename";s:17:"5228733c41ad3.jpg";s:3:"ext";s:3:"jpg";}', '', 4, '1', ''),
(422, 'a:2:{s:8:"filename";s:17:"5228739a2f886.jpg";s:3:"ext";s:3:"jpg";}', '', 4, '1', ''),
(423, 'a:2:{s:8:"filename";s:17:"52287411b0d8a.jpg";s:3:"ext";s:3:"jpg";}', '', 4, '1', ''),
(424, 'a:2:{s:8:"filename";s:17:"522874a64afe9.jpg";s:3:"ext";s:3:"jpg";}', '', 4, '1', ''),
(425, 'a:2:{s:8:"filename";s:17:"5228751695a03.jpg";s:3:"ext";s:3:"jpg";}', '', 4, '1', ''),
(426, 'a:2:{s:8:"filename";s:17:"52292e0c1dd27.jpg";s:3:"ext";s:3:"jpg";}', '', 23, '1', ''),
(427, 'a:2:{s:8:"filename";s:17:"52292eaa1ca58.jpg";s:3:"ext";s:3:"jpg";}', '', 0, '1', ''),
(428, 'a:2:{s:8:"filename";s:17:"52292f2fc98d9.jpg";s:3:"ext";s:3:"jpg";}', '', 0, '1', ''),
(429, 'a:2:{s:8:"filename";s:17:"5229315a9d153.jpg";s:3:"ext";s:3:"jpg";}', '', 0, '1', ''),
(430, 'a:2:{s:8:"filename";s:17:"522931a41385c.jpg";s:3:"ext";s:3:"jpg";}', '', 0, '1', ''),
(431, 'a:2:{s:8:"filename";s:17:"5229328f75765.jpg";s:3:"ext";s:3:"jpg";}', '', 23, '1', ''),
(432, 'a:2:{s:8:"filename";s:17:"5229f153c452e.jpg";s:3:"ext";s:3:"jpg";}', '', 4, '1', ''),
(433, 'a:2:{s:8:"filename";s:17:"5229f1c116cf0.jpg";s:3:"ext";s:3:"jpg";}', '', 4, '1', ''),
(434, 'a:2:{s:8:"filename";s:36:"fed81d2b2cdcb15f383fb9b06c3819e6.gif";s:3:"ext";s:3:"gif";}', 'http://img6.hao123.com/data/3_fe756d48f53a235bc495d07f806c79bc_0', 4, '1', ''),
(435, 'a:2:{s:8:"filename";s:17:"5229f3a65b689.jpg";s:3:"ext";s:3:"jpg";}', '', 4, '1', ''),
(436, 'a:2:{s:8:"filename";s:17:"5229f9869e538.jpg";s:3:"ext";s:3:"jpg";}', '', 4, '1', ''),
(437, 'a:2:{s:8:"filename";s:17:"522adffd717a9.jpg";s:3:"ext";s:3:"jpg";}', '', 4, '1', '');

-- --------------------------------------------------------

--
-- 表的结构 `le_share_tags`
--

CREATE TABLE IF NOT EXISTS `le_share_tags` (
  `share_id` int(11) NOT NULL,
  `tag_id` int(11) NOT NULL,
  KEY `share_id` (`share_id`),
  KEY `tag_id` (`tag_id`)
) ENGINE=MyISAM DEFAULT CHARSET=utf8;

--
-- 转存表中的数据 `le_share_tags`
--

INSERT INTO `le_share_tags` (`share_id`, `tag_id`) VALUES
(57, 13),
(58, 13),
(59, 14),
(60, 15),
(61, 16),
(62, 17),
(63, 18),
(64, 19),
(65, 20),
(65, 21),
(66, 22),
(67, 23),
(68, 13),
(69, 18),
(70, 18),
(71, 21),
(72, 20),
(73, 13),
(74, 24),
(74, 25),
(74, 21),
(75, 26),
(75, 13),
(76, 27),
(77, 21),
(78, 27),
(79, 13),
(80, 13),
(84, 13),
(85, 20),
(85, 18),
(86, 13),
(90, 28),
(91, 13),
(93, 21),
(100, 13),
(122, 21),
(123, 13),
(124, 25),
(125, 15),
(128, 13),
(129, 25),
(130, 23),
(131, 18),
(132, 15),
(133, 13),
(134, 13),
(135, 29),
(135, 30),
(136, 13),
(137, 13),
(138, 13),
(142, 13),
(147, 13),
(148, 13),
(149, 13),
(150, 13),
(152, 26),
(154, 13),
(155, 13),
(157, 30),
(157, 22),
(158, 31),
(158, 32),
(158, 30),
(158, 33),
(158, 34),
(159, 13),
(160, 35),
(161, 30),
(161, 33),
(163, 36),
(165, 31),
(165, 32),
(165, 33),
(165, 37),
(165, 34),
(166, 38),
(167, 34),
(168, 33),
(169, 32),
(169, 24),
(169, 22),
(169, 33),
(170, 31),
(171, 39),
(171, 40),
(171, 33),
(172, 18),
(173, 41),
(173, 42),
(173, 33),
(174, 13),
(175, 18),
(177, 25),
(178, 43),
(179, 44),
(180, 20),
(182, 18),
(183, 45),
(184, 46),
(184, 24),
(185, 30),
(185, 33),
(185, 24),
(186, 13),
(187, 31),
(189, 18),
(190, 15),
(190, 27),
(191, 13),
(191, 30),
(192, 18),
(192, 13),
(192, 30),
(194, 32),
(194, 20),
(195, 34),
(196, 13),
(196, 30),
(197, 40),
(198, 13),
(198, 33),
(200, 13),
(200, 30),
(201, 33),
(202, 34),
(202, 31),
(203, 40),
(203, 31),
(204, 30),
(204, 13),
(205, 13),
(205, 18),
(207, 13),
(208, 31),
(209, 40),
(209, 32),
(209, 13),
(210, 13),
(210, 44),
(211, 13),
(211, 31),
(212, 18),
(212, 30),
(213, 31),
(214, 13),
(215, 13),
(215, 20),
(216, 13),
(216, 24),
(217, 31),
(217, 33),
(218, 18),
(218, 27),
(219, 13),
(220, 13),
(221, 13),
(221, 31),
(222, 18),
(222, 13),
(223, 13),
(224, 13),
(225, 13),
(226, 13),
(227, 13),
(228, 13),
(228, 33),
(228, 45),
(229, 15),
(229, 37),
(230, 15),
(230, 37),
(231, 30),
(232, 18),
(233, 31),
(233, 33),
(234, 31),
(234, 33),
(235, 31),
(236, 18),
(236, 30),
(237, 18),
(238, 18),
(239, 13),
(239, 40),
(240, 31),
(240, 13),
(241, 13),
(241, 18),
(242, 13),
(243, 13),
(244, 33),
(244, 20),
(245, 13),
(246, 13),
(247, 18),
(247, 13),
(248, 34),
(249, 13),
(249, 15),
(249, 43),
(250, 13),
(250, 34),
(250, 33),
(251, 30),
(251, 24),
(252, 18),
(252, 15),
(252, 34),
(253, 18),
(253, 31),
(254, 15),
(254, 31),
(255, 31),
(255, 33),
(256, 31),
(256, 37),
(257, 31),
(257, 34),
(257, 33),
(258, 31),
(259, 18),
(259, 30),
(260, 33),
(260, 30),
(261, 33),
(261, 26),
(262, 31),
(262, 34),
(262, 33),
(263, 26),
(264, 31),
(264, 33),
(264, 13),
(265, 25),
(266, 30),
(267, 13),
(267, 33),
(267, 30),
(268, 33),
(268, 25),
(269, 33),
(269, 25),
(270, 31),
(270, 24),
(270, 33),
(271, 13),
(271, 31),
(271, 33),
(272, 13),
(272, 18),
(272, 24),
(273, 31),
(273, 15),
(273, 37),
(274, 13),
(274, 31),
(274, 24),
(275, 15),
(275, 37),
(275, 27),
(276, 33),
(276, 30),
(276, 16),
(277, 33),
(277, 31),
(278, 33),
(278, 31),
(279, 31),
(279, 24),
(279, 44),
(280, 31),
(280, 33),
(281, 31),
(281, 13),
(281, 41),
(282, 31),
(282, 37),
(283, 31),
(283, 16),
(284, 31),
(284, 13),
(284, 37),
(285, 31),
(285, 41),
(285, 34),
(286, 31),
(286, 13),
(286, 44),
(287, 31),
(287, 16),
(287, 44),
(288, 31),
(288, 16),
(289, 31),
(289, 25),
(289, 16),
(290, 31),
(290, 16),
(290, 22),
(291, 13),
(291, 42),
(292, 31),
(292, 44),
(292, 24),
(293, 33),
(293, 44),
(294, 24),
(295, 13),
(295, 20),
(296, 33),
(296, 31),
(296, 13),
(297, 33),
(298, 33),
(299, 33),
(299, 39),
(300, 13),
(301, 30),
(301, 25),
(302, 13),
(303, 13),
(304, 13),
(305, 13),
(306, 13),
(307, 13),
(307, 43),
(308, 33),
(308, 18),
(309, 31),
(310, 13),
(310, 22),
(311, 31),
(311, 16),
(312, 31),
(312, 24),
(312, 37),
(313, 13),
(314, 13),
(314, 33),
(314, 25),
(315, 31),
(316, 31),
(316, 22),
(317, 33),
(318, 13),
(318, 44),
(318, 30),
(319, 13),
(319, 30),
(319, 44),
(320, 31),
(320, 34),
(321, 31),
(321, 34),
(321, 30),
(322, 42),
(323, 31),
(323, 33),
(323, 13),
(324, 30),
(324, 44),
(325, 13),
(325, 33),
(326, 31),
(326, 37),
(327, 31),
(327, 33),
(328, 33),
(328, 13),
(330, 31),
(330, 33),
(331, 31),
(331, 18),
(331, 33),
(332, 31),
(332, 15),
(332, 27),
(333, 31),
(333, 20),
(334, 24),
(335, 13),
(335, 33),
(335, 25),
(336, 24),
(336, 44),
(337, 13),
(337, 24),
(338, 31),
(338, 24),
(338, 15),
(339, 16),
(339, 23),
(340, 31),
(341, 31),
(341, 15),
(342, 31),
(342, 15),
(343, 31),
(343, 22),
(344, 31),
(344, 18),
(345, 31),
(345, 15),
(346, 13),
(346, 25),
(347, 31),
(347, 24),
(348, 33),
(348, 13),
(349, 13),
(349, 24),
(350, 31),
(350, 24),
(351, 31),
(351, 13),
(351, 25),
(352, 33),
(352, 20),
(353, 31),
(353, 13),
(354, 31),
(354, 15),
(354, 33),
(355, 31),
(355, 13),
(356, 31),
(356, 33),
(356, 13),
(357, 13),
(357, 18),
(358, 33),
(358, 13),
(359, 31),
(359, 13),
(360, 31),
(360, 13),
(361, 31),
(361, 13),
(364, 31),
(364, 33),
(364, 25),
(365, 31),
(365, 13),
(365, 25),
(366, 31),
(366, 42),
(367, 31),
(367, 15),
(368, 31),
(368, 34),
(369, 13),
(370, 30),
(370, 24),
(370, 33),
(371, 13),
(371, 33),
(371, 30),
(372, 31),
(372, 33),
(372, 13),
(373, 31),
(373, 13),
(373, 33),
(374, 13),
(374, 33),
(375, 33),
(375, 13),
(375, 25),
(376, 13),
(376, 24),
(377, 31),
(377, 22),
(377, 41),
(378, 33),
(378, 22),
(378, 41),
(379, 13),
(379, 41),
(379, 22),
(380, 41),
(380, 30),
(381, 41),
(382, 31),
(382, 13),
(383, 31),
(383, 33),
(383, 15),
(384, 33),
(384, 15),
(384, 37),
(385, 13),
(385, 18),
(385, 25),
(386, 31),
(386, 15),
(387, 13),
(387, 24),
(387, 15),
(388, 31),
(388, 37),
(388, 27),
(389, 37),
(389, 24),
(390, 31),
(390, 37),
(391, 33),
(391, 22),
(391, 25),
(392, 13),
(392, 33),
(393, 13),
(393, 22),
(393, 40),
(394, 22),
(394, 30),
(395, 43),
(396, 31),
(396, 13),
(396, 43),
(397, 30),
(398, 31),
(398, 24),
(399, 32),
(399, 23),
(400, 30),
(401, 41),
(401, 42),
(402, 31),
(402, 33),
(402, 24),
(403, 31),
(403, 24),
(404, 30),
(404, 20),
(404, 32),
(405, 30),
(405, 33),
(405, 20),
(406, 13),
(406, 31),
(406, 15),
(407, 31),
(407, 41),
(408, 43),
(408, 33),
(409, 33),
(409, 25),
(410, 24),
(411, 31),
(412, 13),
(412, 25),
(412, 41),
(413, 31),
(413, 15),
(413, 20),
(414, 31),
(414, 22),
(414, 41),
(415, 24),
(415, 31),
(415, 41),
(416, 24),
(416, 31),
(417, 31),
(417, 34),
(417, 25),
(418, 31),
(419, 31),
(419, 13),
(420, 13),
(420, 24),
(421, 18),
(422, 33),
(422, 24),
(423, 13),
(423, 24),
(423, 34),
(425, 31),
(425, 30),
(426, 31),
(426, 44),
(427, 31),
(427, 37),
(428, 31),
(428, 26),
(429, 31),
(429, 34),
(430, 13),
(431, 24),
(432, 31),
(433, 13),
(433, 33);

-- --------------------------------------------------------

--
-- 表的结构 `le_tags`
--

CREATE TABLE IF NOT EXISTS `le_tags` (
  `id` int(11) NOT NULL AUTO_INCREMENT,
  `name` varchar(10) NOT NULL,
  `share_count` smallint(5) NOT NULL,
  `user_count` smallint(5) NOT NULL,
  `hot` tinyint(1) NOT NULL,
  PRIMARY KEY (`id`)
) ENGINE=MyISAM  DEFAULT CHARSET=utf8 AUTO_INCREMENT=47 ;

--
-- 转存表中的数据 `le_tags`
--

INSERT INTO `le_tags` (`id`, `name`, `share_count`, `user_count`, `hot`) VALUES
(13, '搞笑', 124, 124, 0),
(14, '脑残', 1, 1, 0),
(15, '美女', 24, 24, 0),
(16, '节操', 9, 9, 0),
(17, '亮了', 1, 1, 0),
(18, '屌丝', 30, 30, 0),
(19, '脑残对话', 1, 1, 0),
(20, '创意', 13, 13, 0),
(21, '雷人恶搞', 6, 6, 0),
(22, '吐槽', 14, 14, 0),
(23, '吓尿', 4, 4, 0),
(24, '糗事', 34, 34, 0),
(25, '趣事', 21, 21, 0),
(26, '霸气', 5, 5, 0),
(27, '女神', 7, 7, 0),
(28, '笑喷', 1, 1, 0),
(29, '冷笑话', 1, 1, 0),
(30, '雷人', 33, 33, 0),
(31, '内涵', 107, 107, 0),
(32, '恶搞', 7, 7, 0),
(33, '碉堡', 69, 69, 0),
(34, '内涵图片', 17, 17, 0),
(35, '找亮点', 1, 1, 0),
(36, '牛人', 1, 1, 0),
(37, '美女福利', 15, 15, 0),
(38, '奇闻趣事', 1, 1, 0),
(39, '人物图片', 2, 2, 0),
(40, '台词In语', 6, 6, 0),
(41, '文字截图', 13, 13, 0),
(42, '科普', 5, 5, 0),
(43, '动态图', 6, 6, 0),
(44, '爆笑', 12, 12, 0),
(45, '神创意', 2, 2, 0),
(46, '名人', 1, 1, 0);

-- --------------------------------------------------------

--
-- 表的结构 `le_user`
--

CREATE TABLE IF NOT EXISTS `le_user` (
  `id` int(11) NOT NULL AUTO_INCREMENT,
  `username` varchar(20) NOT NULL,
  `password` varchar(32) NOT NULL,
  `email` varchar(20) NOT NULL,
  `nick` varchar(20) NOT NULL,
  `avatar` varchar(40) NOT NULL,
  PRIMARY KEY (`id`)
) ENGINE=MyISAM  DEFAULT CHARSET=utf8 AUTO_INCREMENT=47 ;

--
-- 转存表中的数据 `le_user`
--

INSERT INTO `le_user` (`id`, `username`, `password`, `email`, `nick`, `avatar`) VALUES
(4, 'zhangwei', '287740f40653c8ff4504515c9fca81dc', '', '饿一下', 'a87ff679a2f3e71d9181a67b7542122c.jpg'),
(7, '296404875@qq', '287740f40653c8ff4504515c9fca81dc', '', '乐一下笑话', '8f14e45fceea167a5a36dedd4bea2543.jpeg'),
(8, 'zousenying1989', '9c82cb5e86f025046b1490c2e541be5d', '', '宝贝刘昕然', 'c9f0f895fb98ab9159f51fd0297e236d.jpeg'),
(9, 'thinktb', '287740f40653c8ff4504515c9fca81dc', '', 'ThinkTB', '45c48cce2e2d7fbdea1afc51c7c6ad26.jpeg'),
(10, '夏日倾情', '6136c658be8426298b0b152dabc0794b', '', '343992663', 'd3d9446802a44259755d38e6d163e820.jpeg'),
(11, '邹森英1989', '391b5b7c1900a09603439710f8fecbee', '', '邹森英1989', '6512bd43d9caa6e02c990b0a82652dca.jpg'),
(12, '', '', '', '可乐加了硫酸', 'c20ad4d76fe97759aa27a0c99bff6710.jpeg'),
(13, '', '', '', '布卡播BUKABO', 'c51ce410c124a10e0db5e4b97fc2af39.jpeg'),
(14, '', '', '', '美一个都是精品', 'aab3238922bcc25a6f606eb525ffdc56.jpeg'),
(15, '', '', '', '因为有了因为', '9bf31c7ff062936a96d3c8bd1f8f2ff3.jpeg'),
(16, '', '', '', '小小特工', 'c74d97b01eae257e44aa9d5bade97baf.jpg'),
(17, '', '', '', '乐友　', '70efdf2ec9b086079795c442636b55fb.jpeg'),
(18, '', '', '', '美好记忆', '6f4922f45568161a8cdf4ad2299f6d23.jpeg'),
(19, '', '', '', '空', '1f0e3dad99908345f7439f8ffabdffc4.jpeg'),
(20, '', '', '', '梁君茂', '98f13708210194c475687be6106a3b84.jpeg'),
(21, '', '', '', 'ヾ魅㈱弑念凌轩づ幸福', '3c59dc048e8850243be8079a5c74d079.jpeg'),
(22, '', '', '', '362628882', 'b6d767d2f8ed5d21a44b0e5886680cb9.jpeg'),
(23, '', '', '', 'leyix', '37693cfc748049e45d87b8c7d8b9aacd.jpeg'),
(24, '', '', '', '滔滔☜♥☞', '1ff1de774005f8da13f42943881c655f.jpg'),
(25, '', '', '', '咽下下', '8e296a067a37563370ded05f5a3bf3ec.jpeg'),
(26, '', '', '', 'thinktb', '4e732ced3463d06de0ca9a15b6153677.jpeg'),
(27, '', '', '', '张巍', '02e74f10e0327ad868d138f2b4fdd6f0.jpg'),
(28, '', '', '', '飞翔的猪', ''),
(29, '', '', '', '大神不穿裤子', '6ea9ab1baa0efb9e19094440c317e21b.jpeg'),
(30, '', '', '', '求约..', '34173cb38f07f89ddbebc2ac9128303f.jpeg'),
(31, '', '', '', 'Crystal', 'c16a5320fa475530d9583c34fd356ef5.jpeg'),
(32, '', '', '', '徐', '6364d3f0f495b6ab9dcf8d3b5c6e0b01.jpeg'),
(33, '', '', '', ' |o_ＭR．水', '182be0c5cdcd5072bb1864cdee4d3d6e.jpeg'),
(34, '', '', '', '╰⋛⋋⊱⋋明天⋌⊰⋌⋚╯', 'e369853df766fa44e1ed0ff613f563bd.jpeg'),
(35, '', '', '', '找乐子网', '1c383cd30b7c298ab50293adfecb7b18.jpeg'),
(36, '', '', '', '实话实说²º¹³™', '19ca14e7ea6328a42e0eb13d585e4c22.jpeg'),
(37, '', '', '', 'Sylar', 'a5bfc9e07964f8dddeb95fc584cd965d.jpeg'),
(38, '', '', '', '有聊', 'a5771bce93e200c36f7cd9dfd0e5deaa.jpeg'),
(39, '', '', '', 'Ｋｏａ１.', 'd67d8ab4f4c10bf22aa353e27879133c.jpeg'),
(40, '', '', '', '侃侃        ', 'd645920e395fedad7bbbed0eca3fe2e0.jpeg'),
(41, '', '', '', '吊儿郎当', '3416a75f4cea9109507cacd8e2f2aefc.jpeg'),
(42, '', '', '', '丶', 'a1d0c6e83f027327d8461063f4ac58a6.jpeg'),
(43, '', '', '', '四月人事部-邹森英', '17e62166fc8586dfa4d1bc0e1742c08b.jpeg'),
(44, '', '', '', '标志世界网', 'f7177163c833dff4b38fc8d2872f1ec6.jpeg'),
(45, '', '', '', '蝎子', '6c8349cc7260ae62e3b1396831a8398f.jpeg'),
(46, '', '', '', '点点', 'd9d4f495e875a2e075a1a4a6e1b9770f.jpeg');

-- --------------------------------------------------------

--
-- 表的结构 `le_user_bind`
--

CREATE TABLE IF NOT EXISTS `le_user_bind` (
  `id` int(11) NOT NULL AUTO_INCREMENT,
  `md5id` varchar(32) NOT NULL,
  `uid` int(11) NOT NULL DEFAULT '0',
  `openid` varchar(50) NOT NULL,
  `type` varchar(10) NOT NULL,
  `data` varchar(100) NOT NULL,
  `nick` varchar(30) NOT NULL,
  `avatar` varchar(100) NOT NULL,
  PRIMARY KEY (`id`),
  KEY `md5id` (`md5id`),
  KEY `uid` (`uid`)
) ENGINE=MyISAM  DEFAULT CHARSET=utf8 AUTO_INCREMENT=46 ;

--
-- 转存表中的数据 `le_user_bind`
--

INSERT INTO `le_user_bind` (`id`, `md5id`, `uid`, `openid`, `type`, `data`, `nick`, `avatar`) VALUES
(2, '4ed4c53a2e7cd39344d23516bb9f7f89', 4, 'C31390E9C0B91D6D05F03D4088E64D9C', 'QQ', 'a:5:{s:4:"type";s:2:"QQ";s:4:"name";s:9:"乐一下";s:4:"nick";s:9:"乐一下";s:4:"head";s:74:"http://qzapp.qlo', '乐一下', 'http://qzapp.qlogo.cn/qzapp/100494047/C31390E9C0B91D6D05F03D4088E64D9C/100'),
(3, '464590a086c6a97452ec08567c533e5d', 7, '2954899402', 'SINA', 'a:4:{s:4:"type";s:4:"SINA";s:4:"name";s:15:"乐一下笑话";s:4:"nick";s:15:"乐一下笑话";s:4:"head";s:50:"http://t', '乐一下笑话', 'http://tp3.sinaimg.cn/2954899402/180/40009484074/1'),
(4, '53c9e60e88ab4db971335d11966a580e', 8, '1745615419', 'BAIDU', 'a:4:{s:4:"type";s:5:"BAIDU";s:4:"name";s:10:"1745615419";s:4:"nick";s:15:"宝贝刘昕然";s:4:"head";s:81:"ht', '宝贝刘昕然', 'http://tb.himg.baidu.com/sys/portrait/item/b468e5ae9de8b49de58898e69895e784b6e40f'),
(7, '7c7e40a8c147aa545a3db1b189bf73f3', 9, '3626234665', 'BAIDU', 'a:4:{s:4:"type";s:5:"BAIDU";s:4:"name";s:10:"3626234665";s:4:"nick";s:7:"ThinkTB";s:4:"head";s:65:"h', 'ThinkTB', 'http://tb.himg.baidu.com/sys/portrait/item/bdd85468696e6b5442f627'),
(8, 'e041ee7dc767dffa70cdd1ec861cda26', 10, '1023471416', 'BAIDU', 'a:4:{s:4:"type";s:5:"BAIDU";s:4:"name";s:10:"1023471416";s:4:"nick";s:9:"343992663";s:4:"head";s:69:', '343992663', 'http://tb.himg.baidu.com/sys/portrait/item/a13d333433393932363633e704'),
(9, 'af34b9b8a669cf7645e5d4532a01e978', 11, '2855464835', 'BAIDU', 'a:4:{s:4:"type";s:5:"BAIDU";s:4:"name";s:10:"2855464835";s:4:"nick";s:13:"邹森英1989";s:4:"head";s:77:"', '邹森英1989', 'http://tb.himg.baidu.com/sys/portrait/item/a1aae982b9e6a3aee88bb1313938395c36'),
(10, 'b1bbf5fe9d88134cfc2cc3e4e9216b4e', 0, '24A7C45B83F6D2FD68ABB309BF092266', 'QQ', 'a:5:{s:4:"type";s:2:"QQ";s:4:"name";s:18:"我说的就是你";s:4:"nick";s:18:"我说的就是你";s:4:"head";s:74:"http://q', '我说的就是你', 'http://qzapp.qlogo.cn/qzapp/100494047/24A7C45B83F6D2FD68ABB309BF092266/100'),
(11, '7524d44f0cd3b2346dc261f5defd467c', 12, '1496267185', 'BAIDU', 'a:4:{s:4:"type";s:5:"BAIDU";s:4:"name";s:10:"1496267185";s:4:"nick";s:18:"可乐加了硫酸";s:4:"head";s:87:"h', '可乐加了硫酸', 'http://tb.himg.baidu.com/sys/portrait/item/7759e58fafe4b990e58aa0e4ba86e7a1abe985b86e2b'),
(12, '02d955424adc4d49e97e981d5465fe6a', 13, '3653177727', 'SINA', 'a:4:{s:4:"type";s:4:"SINA";s:4:"name";s:15:"布卡播BUKABO";s:4:"nick";s:15:"布卡播BUKABO";s:4:"head";s:50:"', '布卡播BUKABO', 'http://tp4.sinaimg.cn/3653177727/180/40029434608/1'),
(13, '67b745e7a788df25899e088455d31a40', 14, '4248248329', 'BAIDU', 'a:4:{s:4:"type";s:5:"BAIDU";s:4:"name";s:10:"4248248329";s:4:"nick";s:21:"美一个都是精品";s:4:"head";s:93:"', '美一个都是精品', 'http://tb.himg.baidu.com/sys/portrait/item/6efde7be8ee4b880e4b8aae983bde698afe7b2bee59381d633'),
(14, '52f3689417a43de90de24c2db5dfc95e', 15, '8644E1F9E4B3F0160539881CA08A50FD', 'QQ', 'a:5:{s:4:"type";s:2:"QQ";s:4:"name";s:18:"因为有了因为";s:4:"nick";s:18:"因为有了因为";s:4:"head";s:74:"http://q', '因为有了因为', 'http://qzapp.qlogo.cn/qzapp/100494047/8644E1F9E4B3F0160539881CA08A50FD/100'),
(15, 'b2c1352d88205e8cb12729b14340f507', 16, '9B3A5A833DEC9A0B19E6FD4468CE75A6', 'QQ', 'a:5:{s:4:"type";s:2:"QQ";s:4:"name";s:12:"小小特工";s:4:"nick";s:12:"小小特工";s:4:"head";s:74:"http://qzapp', '小小特工', 'http://qzapp.qlogo.cn/qzapp/100494047/9B3A5A833DEC9A0B19E6FD4468CE75A6/100'),
(16, 'de2dd6dd831261af7435f791968aba30', 17, '0D41628DC5C04E14ED641E57DD35ACC2', 'QQ', 'a:5:{s:4:"type";s:2:"QQ";s:4:"name";s:3:"　";s:4:"nick";s:3:"　";s:4:"head";s:74:"http://qzapp.qlogo.c', '　', 'http://qzapp.qlogo.cn/qzapp/100494047/0D41628DC5C04E14ED641E57DD35ACC2/100'),
(17, '17ffd083ca3a1e1421465a5d5215ca67', 18, 'FDCE3B1D7A8518C903CE49CE5808EBB7', 'QQ', 'a:5:{s:4:"type";s:2:"QQ";s:4:"name";s:12:"美好记忆";s:4:"nick";s:12:"美好记忆";s:4:"head";s:74:"http://qzapp', '美好记忆', 'http://qzapp.qlogo.cn/qzapp/100494047/FDCE3B1D7A8518C903CE49CE5808EBB7/100'),
(18, '70285ed1eeb2baef13af2c6cc30dd85b', 19, '14EC3022779CC3894341C879074D0A39', 'QQ', 'a:5:{s:4:"type";s:2:"QQ";s:4:"name";s:3:"空";s:4:"nick";s:3:"空";s:4:"head";s:74:"http://qzapp.qlogo.c', '空', 'http://qzapp.qlogo.cn/qzapp/100494047/14EC3022779CC3894341C879074D0A39/100'),
(19, '07390e28a41637355f207d5fe8de4b70', 20, '0F450C1AED94A2B874AC3103572719EA', 'QQ', 'a:5:{s:4:"type";s:2:"QQ";s:4:"name";s:9:"梁君茂";s:4:"nick";s:9:"梁君茂";s:4:"head";s:74:"http://qzapp.qlo', '梁君茂', 'http://qzapp.qlogo.cn/qzapp/100494047/0F450C1AED94A2B874AC3103572719EA/100'),
(20, 'd036968d455c44a8ccf93a60cce548e7', 21, '62C04D0D6791D5CFF17D9B4260EB5674', 'QQ', 'a:5:{s:4:"type";s:2:"QQ";s:4:"name";s:30:"ヾ魅㈱弑念凌轩づ幸福";s:4:"nick";s:30:"ヾ魅㈱弑念凌轩づ幸福";s:4:"head";s:74:"', 'ヾ魅㈱弑念凌轩づ幸福', 'http://qzapp.qlogo.cn/qzapp/100494047/62C04D0D6791D5CFF17D9B4260EB5674/100'),
(21, 'd7d4cf0d9403c46aa0cf49ea141f07a9', 22, '595C8A0D6EA13FB7F44AD224C1475030', 'QQ', 'a:5:{s:4:"type";s:2:"QQ";s:4:"name";s:9:"362628882";s:4:"nick";s:9:"362628882";s:4:"head";s:74:"http', '362628882', 'http://qzapp.qlogo.cn/qzapp/100494047/595C8A0D6EA13FB7F44AD224C1475030/100'),
(22, '806d860e91a81e481a189b7ed8d15f2d', 23, '7880463009219528638', 'T163', 'a:4:{s:4:"type";s:4:"T163";s:4:"name";s:15:"乐一下搞笑";s:4:"nick";s:5:"leyix";s:4:"head";s:79:"http://oi', 'leyix', 'http://oimagec4.ydstatic.com/image?w=180&h=180&url=http%3A%2F%2F126.fm%2F3tqGz8'),
(23, 'ef4140586d2af2c3d3914c3bb9bbb66f', 24, '469448794', 'RENREN', 'a:4:{s:4:"type";s:6:"RENREN";s:4:"name";s:15:"滔滔☜♥☞";s:4:"nick";s:15:"滔滔☜♥☞";s:4:"head";s:80:"http:/', '滔滔☜♥☞', 'http://hdn.xnimg.cn/photos/hdn521/20130409/1805/h_head_RnoI_42050000096a113e.jpg'),
(24, '85b881274afc9c13e66d26a3ea06b7df', 25, '1309235151', 'BAIDU', 'a:4:{s:4:"type";s:5:"BAIDU";s:4:"name";s:10:"1309235151";s:4:"nick";s:9:"咽下下";s:4:"head";s:69:"http:', '咽下下', 'http://tb.himg.baidu.com/sys/portrait/item/194ee592bde4b88be4b88b100d'),
(25, '46c60e6a5940a28b6d0c5cca20546e74', 26, '269642613', 'X360', 'a:4:{s:4:"type";s:4:"X360";s:4:"name";s:7:"thinktb";s:4:"nick";s:7:"thinktb";s:4:"head";s:104:"http:', 'thinktb', 'http://u1.qhimg.com/qhimg/quc/48_48/2b/02/52/2b0252cq1fd4e.f602ea.jpg?f=1cb82bcb76e63e9878e8320d9fb7'),
(26, '975a5dc5cdc2828107005e49aeb3762d', 27, '156243957', 'KAIXIN', 'a:4:{s:4:"type";s:6:"KAIXIN";s:4:"name";s:9:"156243957";s:4:"nick";s:6:"张巍";s:4:"head";s:58:"http://', '张巍', 'http://logo.kaixin001.com.cn/logo/24/39/50_156243957_1.jpg'),
(27, '9035be5f426ecf892c6fcf1689bd4e6a', 28, '3D27DA5750B06E8C8AC9C15A1900304B', 'QQ', 'a:5:{s:4:"type";s:2:"QQ";s:4:"name";s:12:"飞翔的猪";s:4:"nick";s:12:"飞翔的猪";s:4:"head";s:74:"http://qzapp', '飞翔的猪', 'http://qzapp.qlogo.cn/qzapp/100494047/3D27DA5750B06E8C8AC9C15A1900304B/100'),
(28, '93b7a065e52674b664dacec880e77e88', 29, 'EAB26C0498AF106088E6BF39B771F1A5', 'QQ', 'a:5:{s:4:"type";s:2:"QQ";s:4:"name";s:18:"大神不穿裤子";s:4:"nick";s:18:"大神不穿裤子";s:4:"head";s:74:"http://q', '大神不穿裤子', 'http://qzapp.qlogo.cn/qzapp/100494047/EAB26C0498AF106088E6BF39B771F1A5/100'),
(29, '41997213b4e69a8df395a64ef0983653', 30, 'B8F2BC8C05FDE20FD4F927DCACC5C293', 'QQ', 'a:5:{s:4:"type";s:2:"QQ";s:4:"name";s:8:"求约..";s:4:"nick";s:8:"求约..";s:4:"head";s:74:"http://qzapp.q', '求约..', 'http://qzapp.qlogo.cn/qzapp/100494047/B8F2BC8C05FDE20FD4F927DCACC5C293/100'),
(30, '1a7667cb78044fc6f931c9944441ad62', 31, '35292DECFBC186D8AD69CEABE4B5AF13', 'QQ', 'a:5:{s:4:"type";s:2:"QQ";s:4:"name";s:7:"Crystal";s:4:"nick";s:7:"Crystal";s:4:"head";s:74:"http://q', 'Crystal', 'http://qzapp.qlogo.cn/qzapp/100494047/35292DECFBC186D8AD69CEABE4B5AF13/100'),
(31, '8cf5545e5cb9b8baec9d953a8501be72', 32, '6D1E72B4FD31FA0FA07A9CDBC4854E8D', 'QQ', 'a:5:{s:4:"type";s:2:"QQ";s:4:"name";s:3:"徐";s:4:"nick";s:3:"徐";s:4:"head";s:74:"http://qzapp.qlogo.c', '徐', 'http://qzapp.qlogo.cn/qzapp/100494047/6D1E72B4FD31FA0FA07A9CDBC4854E8D/100'),
(32, '8316974f37e86d31cfd316fe6c21c00d', 33, 'D8DB84F450AF69E4BD1CA7C1A12498EB', 'QQ', 'a:5:{s:4:"type";s:2:"QQ";s:4:"name";s:14:" |o_ＭR．水";s:4:"nick";s:14:" |o_ＭR．水";s:4:"head";s:74:"http', ' |o_ＭR．水', 'http://qzapp.qlogo.cn/qzapp/100494047/D8DB84F450AF69E4BD1CA7C1A12498EB/100'),
(33, 'c5c4291b94a2aac92b7f8b3126229f77', 34, '2ED8FC7B027FD429324DF92D29A66E16', 'QQ', 'a:5:{s:4:"type";s:2:"QQ";s:4:"name";s:36:"╰⋛⋋⊱⋋明天⋌⊰⋌⋚╯";s:4:"nick";s:36:"╰⋛⋋⊱⋋明天⋌⊰⋌⋚╯";s:4:"head";s:', '╰⋛⋋⊱⋋明天⋌⊰⋌⋚╯', 'http://qzapp.qlogo.cn/qzapp/100494047/2ED8FC7B027FD429324DF92D29A66E16/100'),
(34, '5e1cc949811badff16f858b732847137', 35, '9FECB4BD975854973EAF815359B05E19', 'QQ', 'a:5:{s:4:"type";s:2:"QQ";s:4:"name";s:12:"找乐子网";s:4:"nick";s:12:"找乐子网";s:4:"head";s:74:"http://qzapp', '找乐子网', 'http://qzapp.qlogo.cn/qzapp/100494047/9FECB4BD975854973EAF815359B05E19/100'),
(35, '773e56d1f883159cebcf34d2a2f7a79b', 36, '8921E8D52A69AF3F408A6926138A2469', 'QQ', 'a:5:{s:4:"type";s:2:"QQ";s:4:"name";s:23:"实话实说²º¹³™";s:4:"nick";s:23:"实话实说²º¹³™";s:4:"head";s:74:"ht', '实话实说²º¹³™', 'http://qzapp.qlogo.cn/qzapp/100494047/8921E8D52A69AF3F408A6926138A2469/100'),
(36, '3cd94739ff7d39f862c30d26575f8f3e', 37, '23607D47635EFE9BAE44752063A024F9', 'QQ', 'a:5:{s:4:"type";s:2:"QQ";s:4:"name";s:5:"Sylar";s:4:"nick";s:5:"Sylar";s:4:"head";s:74:"http://qzapp', 'Sylar', 'http://qzapp.qlogo.cn/qzapp/100494047/23607D47635EFE9BAE44752063A024F9/100'),
(37, 'bbf62d5cedd1b6c5dc40233b0a514951', 38, '0A54FC19885807DEE6F19E1C85FCABDD', 'QQ', 'a:5:{s:4:"type";s:2:"QQ";s:4:"name";s:6:"有聊";s:4:"nick";s:6:"有聊";s:4:"head";s:74:"http://qzapp.qlogo', '有聊', 'http://qzapp.qlogo.cn/qzapp/100494047/0A54FC19885807DEE6F19E1C85FCABDD/100'),
(38, '14705658d97d3e0d96528d3aef065508', 39, '607FE15807F3BFED3EFC943265FA847E', 'QQ', 'a:5:{s:4:"type";s:2:"QQ";s:4:"name";s:13:"Ｋｏａ１.";s:4:"nick";s:13:"Ｋｏａ１.";s:4:"head";s:74:"http://qza', 'Ｋｏａ１.', 'http://qzapp.qlogo.cn/qzapp/100494047/607FE15807F3BFED3EFC943265FA847E/100'),
(39, '563840f0b5d9b2bb0e3cd9c40a530a9f', 40, '4DF8032053154F7FD476A07608C2FFC9', 'QQ', 'a:5:{s:4:"type";s:2:"QQ";s:4:"name";s:14:"侃侃        ";s:4:"nick";s:14:"侃侃        ";s:4:"head";s:74:"', '侃侃        ', 'http://qzapp.qlogo.cn/qzapp/100494047/4DF8032053154F7FD476A07608C2FFC9/100'),
(40, '743f7240297c098e16d1b5b5693e5f3a', 41, 'BAA8AAA5057037DE1F2840E7F6C759FF', 'QQ', 'a:5:{s:4:"type";s:2:"QQ";s:4:"name";s:12:"吊儿郎当";s:4:"nick";s:12:"吊儿郎当";s:4:"head";s:74:"http://qzapp', '吊儿郎当', 'http://qzapp.qlogo.cn/qzapp/100494047/BAA8AAA5057037DE1F2840E7F6C759FF/100'),
(41, '9308141786389f9b42132b0afd52a1bb', 42, '40B65CC0EA9ACFDF541576D24035AC1A', 'QQ', 'a:5:{s:4:"type";s:2:"QQ";s:4:"name";s:3:"丶";s:4:"nick";s:3:"丶";s:4:"head";s:74:"http://qzapp.qlogo.c', '丶', 'http://qzapp.qlogo.cn/qzapp/100494047/40B65CC0EA9ACFDF541576D24035AC1A/100'),
(42, '653e42a77a7cc47939f308f0d15060c1', 43, 'B662B8767730A4F4BE43B9194FDC418F', 'QQ', 'a:5:{s:4:"type";s:2:"QQ";s:4:"name";s:25:"四月人事部-邹森英";s:4:"nick";s:25:"四月人事部-邹森英";s:4:"head";s:74:"ht', '四月人事部-邹森英', 'http://qzapp.qlogo.cn/qzapp/100494047/B662B8767730A4F4BE43B9194FDC418F/100'),
(43, '60184e3ea789b851fda433d9c7f5c2e8', 44, '52D753DC04388686C016EFA7FFC02CB2', 'QQ', 'a:5:{s:4:"type";s:2:"QQ";s:4:"name";s:15:"标志世界网";s:4:"nick";s:15:"标志世界网";s:4:"head";s:74:"http://qza', '标志世界网', 'http://qzapp.qlogo.cn/qzapp/100494047/52D753DC04388686C016EFA7FFC02CB2/100'),
(44, 'fcd6dd8b9e0f19977dcf008f9a7366b1', 45, 'D50FBB7011F160CA172D69FF3FA074D2', 'QQ', 'a:5:{s:4:"type";s:2:"QQ";s:4:"name";s:6:"蝎子";s:4:"nick";s:6:"蝎子";s:4:"head";s:74:"http://qzapp.qlogo', '蝎子', 'http://qzapp.qlogo.cn/qzapp/100494047/D50FBB7011F160CA172D69FF3FA074D2/100'),
(45, '8748a08f197168842b5968c60017c282', 46, 'C22A430E474F4A95E46C473E5E15D1EE', 'QQ', 'a:5:{s:4:"type";s:2:"QQ";s:4:"name";s:6:"点点";s:4:"nick";s:6:"点点";s:4:"head";s:74:"http://qzapp.qlogo', '点点', 'http://qzapp.qlogo.cn/qzapp/100494047/C22A430E474F4A95E46C473E5E15D1EE/100');

-- --------------------------------------------------------

--
-- 表的结构 `le_user_click`
--

CREATE TABLE IF NOT EXISTS `le_user_click` (
  `share_id` int(11) NOT NULL,
  `uid` int(11) NOT NULL,
  `type` varchar(4) NOT NULL,
  `ip` varchar(20) NOT NULL,
  `time` int(10) NOT NULL
) ENGINE=MyISAM DEFAULT CHARSET=utf8;

--
-- 转存表中的数据 `le_user_click`
--

INSERT INTO `le_user_click` (`share_id`, `uid`, `type`, `ip`, `time`) VALUES
(57, 4, 'le', '222.216.195.84', 1375259559),
(58, 0, 'le', '222.216.195.84', 1375259816),
(58, 4, 'le', '171.36.182.25', 1375268799),
(60, 7, 'le', '171.36.182.25', 1375274210),
(60, 4, 'le', '171.36.182.25', 1375281693),
(63, 4, 'le', '171.36.173.7', 1375282000),
(59, 0, 'le', '171.36.173.7', 1375283090),
(78, 4, 'le', '171.36.173.7', 1375284412),
(81, 9, 'le', '222.216.195.84', 1375320775),
(71, 0, 'le', '222.216.195.84', 1375332785),
(95, 4, 'le', '222.216.195.84', 1375335391),
(99, 9, 'le', '222.216.195.84', 1375337075),
(124, 0, 'le', '222.216.195.84', 1375351206),
(129, 12, 'le', '222.216.195.84', 1375416928),
(133, 14, 'le', '222.216.195.84', 1375421618),
(134, 14, 'le', '222.216.195.84', 1375421857),
(158, 16, 'le', '182.88.122.164', 1375516107),
(149, 0, 'le', '182.88.122.164', 1375531013),
(149, 16, 'le', '182.88.122.164', 1375545206),
(162, 16, 'le', '182.88.122.164', 1375545445),
(161, 16, 'le', '182.88.122.164', 1375545658),
(60, 16, 'le', '182.88.122.164', 1375545723),
(165, 16, 'le', '182.88.122.164', 1375546208),
(171, 16, 'le', '182.88.122.164', 1375547289),
(167, 16, 'le', '182.88.122.164', 1375547860),
(171, 7, 'le', '182.88.122.164', 1375557415),
(176, 0, 'le', '182.88.122.164', 1375557929),
(174, 0, 'le', '222.216.195.84', 1375663958),
(93, 0, 'le', '125.41.208.165', 1375680208),
(89, 0, 'le', '49.113.241.215', 1375853483),
(92, 0, 'nu', '157.61.212.24', 1375978258),
(60, 0, 'le', '182.88.121.209', 1376328403),
(58, 0, 'le', '182.88.121.209', 1376328413),
(171, 0, 'le', '182.88.121.209', 1376328438),
(57, 0, 'le', '182.88.121.209', 1376328444),
(59, 0, 'nu', '182.88.121.209', 1376328452),
(177, 0, 'le', '222.216.195.84', 1376386678),
(186, 14, 'le', '182.88.121.209', 1376391284),
(188, 4, 'le', '182.88.121.209', 1376395593),
(189, 4, 'le', '182.88.121.209', 1376395811),
(190, 4, 'le', '182.88.121.209', 1376396665),
(190, 0, 'le', '171.37.254.212', 1376396813),
(162, 14, 'le', '182.88.121.209', 1376397836),
(194, 7, 'le', '182.88.121.209', 1376398793),
(89, 0, 'le', '182.88.121.209', 1376416757),
(93, 0, 'le', '182.88.121.209', 1376416762),
(0, 0, '', '182.88.121.209', 1376416775),
(125, 0, 'le', '222.216.195.84', 1376443531),
(171, 0, 'nu', '101.19.11.3', 1376443718),
(170, 0, 'le', '101.19.11.3', 1376443744),
(206, 14, 'le', '182.88.121.209', 1376486192),
(218, 0, 'le', '222.216.195.84', 1376528529),
(216, 0, 'le', '222.216.195.84', 1376530627),
(219, 0, 'nu', '125.73.12.41', 1376559982),
(219, 0, 'nu', '222.216.195.84', 1376560396),
(214, 0, 'le', '222.216.195.84', 1376560407),
(219, 0, 'nu', '182.88.122.38', 1376565390),
(206, 0, 'le', '222.216.195.84', 1376623247),
(190, 0, 'le', '222.216.195.84', 1376624096),
(224, 0, 'nu', '222.216.195.84', 1376646658),
(223, 0, 'le', '125.73.17.56', 1376673749),
(189, 0, 'le', '171.37.179.239', 1376724961),
(192, 0, 'le', '171.37.179.239', 1376724969),
(198, 0, 'le', '171.37.179.239', 1376725003),
(60, 0, 'le', '36.62.61.131', 1376839295),
(222, 0, 'le', '125.73.4.153', 1376899378),
(85, 0, 'le', '125.73.4.153', 1376899800),
(225, 0, 'le', '125.73.4.153', 1376902031),
(225, 0, 'le', '222.216.195.84', 1376902645),
(225, 0, 'le', '113.16.222.174', 1376902769),
(227, 0, 'le', '171.36.212.92', 1376923643),
(225, 0, 'le', '171.36.212.92', 1376923649),
(78, 0, 'le', '223.74.116.82', 1376931369),
(231, 0, 'le', '171.36.212.92', 1376933134),
(231, 0, 'le', '125.73.23.179', 1376936015),
(234, 0, 'le', '125.73.14.101', 1376986529),
(236, 4, 'le', '222.216.195.84', 1376988168),
(234, 0, 'le', '119.39.248.85', 1376988171),
(244, 14, 'le', '222.216.195.84', 1376988810),
(254, 0, 'le', '222.216.195.84', 1376992038),
(254, 0, 'le', '171.36.212.92', 1377022028),
(257, 30, 'le', '222.216.195.84', 1377053769),
(256, 30, 'le', '222.216.195.84', 1377054112),
(255, 30, 'le', '222.216.195.84', 1377054261),
(257, 0, 'le', '125.73.16.60', 1377062549),
(258, 0, 'le', '125.73.5.223', 1377063320),
(250, 0, 'le', '125.73.5.223', 1377063923),
(255, 0, 'le', '125.73.5.223', 1377064101),
(255, 0, 'le', '125.40.54.46', 1377066802),
(263, 0, 'le', '222.216.195.84', 1377068192),
(263, 30, 'le', '222.216.195.84', 1377068734),
(255, 0, 'le', '120.85.151.157', 1377069358),
(266, 0, 'le', '222.216.195.84', 1377069891),
(266, 4, 'le', '222.216.195.84', 1377070074),
(263, 4, 'le', '222.216.195.84', 1377070252),
(267, 4, 'le', '222.216.195.84', 1377074675),
(258, 0, 'le', '125.73.1.213', 1377074774),
(255, 4, 'le', '222.216.195.84', 1377076963),
(267, 0, 'le', '125.73.14.54', 1377082008),
(266, 0, 'le', '125.73.14.54', 1377082269),
(270, 4, 'le', '121.31.39.102', 1377089824),
(195, 4, 'le', '121.31.39.102', 1377090111),
(271, 4, 'le', '121.31.39.102', 1377090135),
(268, 4, 'le', '121.31.39.102', 1377090464),
(284, 0, 'le', '121.31.39.102', 1377092184),
(263, 0, 'le', '182.91.214.225', 1377092543),
(294, 0, 'le', '121.31.39.102', 1377095909),
(255, 0, 'nu', '121.31.39.102', 1377096137),
(263, 0, 'le', '121.31.39.102', 1377096143),
(291, 0, 'le', '111.59.115.126', 1377158597),
(263, 0, 'le', '111.59.115.126', 1377164431),
(250, 0, 'le', '111.59.115.126', 1377164685),
(234, 0, 'le', '111.59.115.126', 1377165228),
(296, 0, 'le', '1.202.19.133', 1377175865),
(297, 0, 'le', '171.108.28.117', 1377178797),
(296, 0, 'le', '171.108.28.117', 1377178807),
(296, 0, 'nu', '116.205.72.51', 1377181557),
(289, 0, 'le', '171.108.20.236', 1377226524),
(283, 0, 'le', '222.209.137.165', 1377234554),
(296, 0, 'le', '211.103.136.242', 1377238062),
(297, 0, 'le', '58.57.4.151', 1377240110),
(295, 0, 'le', '61.136.151.253', 1377256149),
(235, 0, 'le', '61.136.151.253', 1377256875),
(278, 0, 'le', '111.174.102.222', 1377258221),
(277, 0, 'le', '111.174.102.222', 1377258241),
(291, 0, 'le', '111.174.102.222', 1377259842),
(297, 0, 'le', '61.53.206.242', 1377266864),
(288, 0, 'le', '125.73.18.74', 1377269757),
(297, 4, 'le', '125.73.18.74', 1377269888),
(297, 0, 'le', '171.108.29.187', 1377320488),
(289, 0, 'le', '171.108.29.187', 1377320521),
(135, 0, 'nu', '171.108.29.187', 1377320626),
(137, 0, 'le', '171.108.29.187', 1377320669),
(292, 0, 'le', '58.49.129.117', 1377344377),
(273, 0, 'nu', '58.49.129.117', 1377344438),
(298, 0, 'nu', '219.159.102.6', 1377346994),
(231, 0, 'le', '125.120.88.68', 1377349940),
(250, 0, 'nu', '125.120.88.68', 1377349952),
(89, 0, 'le', '125.108.245.56', 1377351369),
(74, 0, 'le', '182.37.159.69', 1377365530),
(298, 0, 'le', '171.37.106.47', 1377402045),
(297, 0, 'le', '125.73.23.123', 1377425548),
(292, 0, 'le', '180.138.5.66', 1377432292),
(298, 0, 'nu', '171.108.17.112', 1377447777),
(289, 0, 'le', '171.108.17.112', 1377448118),
(158, 0, 'le', '180.166.252.82', 1377492630),
(300, 0, 'nu', '171.108.1.249', 1377495922),
(300, 0, 'nu', '125.73.16.47', 1377514020),
(300, 4, 'nu', '171.36.176.131', 1377527318),
(89, 0, 'le', '171.36.176.131', 1377537062),
(307, 30, 'le', '222.216.195.84', 1377564278),
(229, 0, 'le', '1.83.5.136', 1377575152),
(310, 9, 'le', '182.88.11.43', 1377605393),
(316, 0, 'le', '182.88.11.43', 1377613175),
(312, 0, 'le', '182.88.11.43', 1377613215),
(319, 29, 'le', '222.216.195.84', 1377651809),
(89, 0, 'le', '111.37.55.251', 1377671707),
(254, 0, 'le', '49.73.74.171', 1377692638),
(319, 0, 'le', '182.88.242.108', 1377703495),
(303, 0, 'le', '222.216.195.84', 1377748643),
(328, 0, 'le', '222.216.195.84', 1377753259),
(326, 0, 'le', '222.216.195.84', 1377759893),
(165, 0, 'le', '118.145.7.145', 1377837381),
(328, 0, 'le', '121.31.38.211', 1377886987),
(330, 0, 'le', '116.205.74.18', 1377928751),
(331, 0, 'le', '121.31.38.211', 1377940428),
(319, 0, 'le', '121.34.42.188', 1377944240),
(331, 0, 'le', '119.139.132.171', 1377955113),
(89, 0, 'le', '183.139.89.71', 1377967327),
(89, 0, 'le', '183.236.85.222', 1377967761),
(327, 0, 'nu', '182.88.87.243', 1378012985),
(89, 0, 'le', '27.41.145.9', 1378047083),
(345, 0, 'le', '116.8.96.169', 1378120594),
(363, 0, 'le', '171.36.214.114', 1378137087),
(345, 0, 'le', '171.36.214.114', 1378137102),
(365, 0, 'le', '171.108.20.15', 1378143989),
(366, 0, 'le', '171.108.20.15', 1378144055),
(373, 30, 'le', '222.216.195.84', 1378173365),
(373, 0, 'le', '110.249.254.22', 1378196965),
(369, 0, 'nu', '210.51.19.2', 1378199881),
(366, 0, 'le', '210.51.19.2', 1378199889),
(373, 0, 'le', '180.136.165.160', 1378207277),
(374, 43, 'le', '171.37.252.35', 1378216799),
(374, 0, 'le', '171.105.75.226', 1378223849),
(373, 42, 'le', '171.105.75.226', 1378223937),
(288, 4, 'le', '171.105.75.226', 1378224804),
(375, 0, 'le', '222.216.195.84', 1378256891),
(375, 0, 'le', '183.32.168.137', 1378264618),
(375, 0, 'le', '116.11.199.136', 1378309125),
(337, 0, 'le', '218.65.101.23', 1378344500),
(379, 16, 'le', '222.216.195.84', 1378353596),
(383, 4, 'le', '222.216.195.84', 1378362806),
(399, 0, 'le', '61.148.93.74', 1378372955),
(427, 0, 'le', '10.70.9.186', 1378443503),
(426, 0, 'le', '10.70.9.186', 1378443506),
(408, 0, 'le', '180.175.195.81', 1378526573),
(429, 0, 'le', '110.240.207.64', 1378539346),
(428, 0, 'nu', '110.240.207.64', 1378539373),
(190, 0, 'nu', '110.240.207.64', 1378540146),
(422, 0, 'le', '110.240.207.64', 1378542314),
(433, 0, 'le', '110.240.207.64', 1378542450),
(428, 46, 'nu', '222.178.116.217', 1378617224),
(61, 0, 'le', '106.9.187.124', 1378622331),
(431, 0, 'le', '222.216.163.213', 1378663256),
(433, 0, 'le', '222.216.195.84', 1378705894),
(432, 0, 'le', '222.216.195.84', 1378705916),
(427, 0, 'le', '222.216.195.84', 1378706640);

-- --------------------------------------------------------

--
-- 表的结构 `le_user_count`
--

CREATE TABLE IF NOT EXISTS `le_user_count` (
  `uid` int(11) NOT NULL,
  `integral` int(11) NOT NULL,
  `fav` int(11) NOT NULL,
  `share` int(11) NOT NULL,
  `comment` int(11) NOT NULL,
  `le` int(11) NOT NULL,
  `nu` int(11) NOT NULL,
  `sign` int(11) NOT NULL
) ENGINE=MyISAM DEFAULT CHARSET=utf8;

--
-- 转存表中的数据 `le_user_count`
--

INSERT INTO `le_user_count` (`uid`, `integral`, `fav`, `share`, `comment`, `le`, `nu`, `sign`) VALUES
(4, 154, 8, 138, 11, 21, 1, 5),
(7, 145, 0, 20, 2, 3, 0, 4),
(8, 5, 0, 1, 0, 0, 0, 0),
(9, 152, 0, 51, 0, 3, 0, 3),
(10, 16, 0, 1, 1, 0, 0, 1),
(11, 10, 0, 2, 0, 0, 0, 0),
(12, 11, 0, 0, 0, 1, 0, 1),
(14, 153, 5, 33, 5, 6, 0, 1),
(16, 153, 0, 39, 1, 9, 0, 2),
(17, 10, 0, 0, 0, 0, 0, 1),
(19, 1, 1, 0, 0, 0, 0, 0),
(20, 1, 0, 0, 1, 0, 0, 0),
(21, 1, 0, 0, 1, 0, 0, 0),
(22, 2, 1, 0, 1, 0, 0, 0),
(23, 131, 0, 26, 1, 0, 0, 0),
(24, 5, 0, 1, 0, 0, 0, 0),
(26, 11, 0, 2, 1, 0, 0, 0),
(29, 98, 1, 19, 1, 1, 0, 0),
(30, 109, 1, 20, 2, 6, 0, 0),
(31, 5, 0, 1, 0, 0, 0, 0),
(33, 1, 0, 0, 1, 0, 0, 0),
(35, 6, 0, 1, 1, 0, 0, 0),
(36, 6, 1, 1, 0, 0, 0, 0),
(37, 6, 0, 1, 1, 0, 0, 0),
(41, 6, 1, 1, 0, 0, 0, 0),
(25, 5, 0, 1, 0, 0, 0, 0),
(42, 16, 0, 3, 0, 1, 0, 0),
(43, 1, 0, 0, 0, 1, 0, 0),
(46, 2, 1, 0, 0, 0, 1, 0);

-- --------------------------------------------------------

--
-- 表的结构 `le_user_fav`
--

CREATE TABLE IF NOT EXISTS `le_user_fav` (
  `id` int(11) NOT NULL AUTO_INCREMENT,
  `share_id` int(11) NOT NULL,
  `uid` int(11) NOT NULL,
  PRIMARY KEY (`id`)
) ENGINE=MyISAM  DEFAULT CHARSET=utf8 AUTO_INCREMENT=60 ;

--
-- 转存表中的数据 `le_user_fav`
--

INSERT INTO `le_user_fav` (`id`, `share_id`, `uid`) VALUES
(40, 95, 4),
(41, 133, 14),
(42, 184, 19),
(43, 186, 14),
(44, 218, 22),
(45, 242, 14),
(46, 244, 14),
(47, 245, 14),
(48, 257, 30),
(49, 266, 4),
(50, 263, 4),
(51, 271, 4),
(52, 268, 4),
(53, 221, 36),
(54, 319, 29),
(55, 323, 41),
(56, 357, 4),
(57, 288, 4),
(58, 383, 4),
(59, 428, 46);

-- --------------------------------------------------------

--
-- 表的结构 `le_user_integral`
--

CREATE TABLE IF NOT EXISTS `le_user_integral` (
  `integral` int(11) NOT NULL,
  `time` int(11) NOT NULL,
  `uid` int(11) NOT NULL
) ENGINE=MyISAM DEFAULT CHARSET=utf8 COLLATE=utf8_estonian_ci;

--
-- 转存表中的数据 `le_user_integral`
--

INSERT INTO `le_user_integral` (`integral`, `time`, `uid`) VALUES
(154, 1378483200, 4),
(145, 1377532800, 7),
(5, 1375286400, 8),
(152, 1377532800, 9),
(16, 1377014400, 10),
(10, 1375286400, 11),
(11, 1375372800, 12),
(153, 1376928000, 14),
(153, 1378310400, 16),
(10, 1375632000, 17),
(1, 1376323200, 19),
(1, 1376323200, 20),
(1, 1376323200, 21),
(2, 1376496000, 22),
(131, 1378396800, 23),
(5, 1376582400, 24),
(11, 1378310400, 26),
(98, 1378310400, 29),
(109, 1378137600, 30),
(5, 1377014400, 31),
(1, 1377187200, 33),
(6, 1377273600, 35),
(6, 1377273600, 36),
(6, 1377446400, 37),
(6, 1377619200, 41),
(5, 1377705600, 25),
(16, 1378137600, 42),
(1, 1378137600, 43),
(2, 1378569600, 46);

-- --------------------------------------------------------

--
-- 表的结构 `le_user_sign`
--

CREATE TABLE IF NOT EXISTS `le_user_sign` (
  `uid` int(11) NOT NULL,
  `day` int(11) NOT NULL
) ENGINE=MyISAM DEFAULT CHARSET=utf8;

--
-- 转存表中的数据 `le_user_sign`
--

INSERT INTO `le_user_sign` (`uid`, `day`) VALUES
(4, 1375200000),
(7, 1375200000),
(4, 1375286400),
(9, 1375286400),
(10, 1375286400),
(7, 1375286400),
(9, 1375372800),
(12, 1375372800),
(4, 1375372800),
(14, 1375372800),
(7, 1375459200),
(4, 1375459200),
(9, 1375459200),
(16, 1375459200),
(16, 1375545600),
(7, 1375545600),
(4, 1375545600),
(17, 1375632000);

-- --------------------------------------------------------

--
-- 表的结构 `le_user_tags`
--

CREATE TABLE IF NOT EXISTS `le_user_tags` (
  `uid` int(11) NOT NULL,
  `tag_id` int(11) NOT NULL,
  KEY `uid` (`uid`),
  KEY `tag_id` (`tag_id`)
) ENGINE=MyISAM DEFAULT CHARSET=utf8;

--
-- 转存表中的数据 `le_user_tags`
--

INSERT INTO `le_user_tags` (`uid`, `tag_id`) VALUES
(4, 13),
(4, 14),
(7, 15),
(7, 16),
(7, 17),
(4, 18),
(4, 19),
(4, 20),
(4, 21),
(4, 22),
(4, 23),
(4, 24),
(4, 25),
(4, 26),
(4, 27),
(7, 21),
(9, 13),
(9, 20),
(9, 18),
(9, 28),
(9, 21),
(7, 13),
(9, 25),
(9, 23),
(4, 15),
(14, 13),
(14, 29),
(14, 30),
(16, 13),
(16, 26),
(16, 30),
(16, 22),
(16, 31),
(16, 32),
(16, 33),
(16, 34),
(4, 35),
(4, 30),
(4, 33),
(16, 36),
(16, 37),
(16, 38),
(16, 24),
(16, 39),
(16, 40),
(16, 18),
(16, 41),
(16, 42),
(4, 43),
(4, 44),
(4, 45),
(4, 46),
(14, 33),
(14, 24),
(14, 31),
(14, 18),
(7, 32),
(7, 20),
(7, 34),
(7, 30),
(4, 40),
(14, 34),
(14, 40),
(14, 32),
(14, 44),
(14, 20),
(14, 27),
(24, 13),
(7, 33),
(7, 45),
(7, 37),
(14, 15),
(14, 37),
(4, 31),
(14, 43),
(29, 30),
(29, 24),
(29, 18),
(29, 15),
(29, 34),
(30, 18),
(30, 31),
(30, 33),
(30, 37),
(30, 34),
(10, 31),
(30, 30),
(30, 26),
(30, 13),
(30, 25),
(31, 30),
(4, 37),
(4, 16),
(4, 41),
(9, 31),
(9, 41),
(9, 34),
(9, 44),
(9, 16),
(16, 16),
(16, 44),
(35, 33),
(36, 33),
(36, 39),
(37, 13),
(9, 22),
(7, 31),
(7, 24),
(7, 25),
(7, 22),
(29, 33),
(29, 13),
(29, 44),
(29, 31),
(29, 42),
(41, 30),
(41, 44),
(26, 31),
(26, 18),
(26, 33),
(23, 31),
(23, 15),
(23, 27),
(23, 20),
(23, 24),
(23, 44),
(23, 13),
(23, 16),
(23, 23),
(23, 22),
(23, 18),
(23, 25),
(42, 31),
(42, 13),
(23, 42),
(30, 24),
(23, 37),
(26, 22),
(26, 25),
(29, 22),
(29, 40),
(29, 43),
(29, 32),
(29, 23),
(29, 41),
(4, 32),
(4, 34),
(23, 33),
(23, 34),
(23, 30);

/*!40101 SET CHARACTER_SET_CLIENT=@OLD_CHARACTER_SET_CLIENT */;
/*!40101 SET CHARACTER_SET_RESULTS=@OLD_CHARACTER_SET_RESULTS */;
/*!40101 SET COLLATION_CONNECTION=@OLD_COLLATION_CONNECTION */;
